id,company,product,product_sku,product_family_1,product_family_2,product_family_3,order_quantity,order_date
53967,4db8c0cdd9ef,3556d56cab2a,BANDANA009,Toy,Toy,TOYS_AND_GAMES,1,2019-01-04
53968,4db8c0cdd9ef,3556d56cab2a,BANDANA009,Toy,Toy,TOYS_AND_GAMES,1,2019-02-21
53969,4db8c0cdd9ef,3556d56cab2a,BANDANA009,Toy,Toy,TOYS_AND_GAMES,1,2019-02-22
53970,4db8c0cdd9ef,3556d56cab2a,BANDANA009,Toy,Toy,TOYS_AND_GAMES,2,2019-02-23
53971,4db8c0cdd9ef,3556d56cab2a,BANDANA009,Toy,Toy,TOYS_AND_GAMES,1,2019-02-26
53972,4db8c0cdd9ef,3556d56cab2a,BANDANA009,Toy,Toy,TOYS_AND_GAMES,1,2019-02-28
53973,4db8c0cdd9ef,3556d56cab2a,BANDANA009,Toy,Toy,TOYS_AND_GAMES,2,2019-03-01
53974,4db8c0cdd9ef,3556d56cab2a,BANDANA009,Toy,Toy,TOYS_AND_GAMES,2,2019-03-02
53975,4db8c0cdd9ef,3556d56cab2a,BANDANA009,Toy,Toy,TOYS_AND_GAMES,1,2019-03-03
53976,4db8c0cdd9ef,3556d56cab2a,BANDANA009,Toy,Toy,TOYS_AND_GAMES,1,2019-03-06
53977,4db8c0cdd9ef,3556d56cab2a,BANDANA009,Toy,Toy,TOYS_AND_GAMES,1,2019-03-12
53978,4db8c0cdd9ef,3556d56cab2a,BANDANA009,Toy,Toy,TOYS_AND_GAMES,1,2019-03-13
53979,4db8c0cdd9ef,3556d56cab2a,BANDANA009,Toy,Toy,TOYS_AND_GAMES,1,2019-03-15
53980,4db8c0cdd9ef,3556d56cab2a,BANDANA009,Toy,Toy,TOYS_AND_GAMES,2,2019-03-29
53981,4db8c0cdd9ef,3556d56cab2a,BANDANA009,Toy,Toy,TOYS_AND_GAMES,1,2019-03-30
53982,4db8c0cdd9ef,3556d56cab2a,BANDANA009,Toy,Toy,TOYS_AND_GAMES,1,2019-03-31
53983,4db8c0cdd9ef,3556d56cab2a,BANDANA009,Toy,Toy,TOYS_AND_GAMES,1,2019-04-01
53984,4db8c0cdd9ef,3556d56cab2a,BANDANA009,Toy,Toy,TOYS_AND_GAMES,1,2019-04-06
53985,4db8c0cdd9ef,3556d56cab2a,BANDANA009,Toy,Toy,TOYS_AND_GAMES,2,2019-04-07
53986,4db8c0cdd9ef,3556d56cab2a,BANDANA009,Toy,Toy,TOYS_AND_GAMES,1,2019-04-08
53987,4db8c0cdd9ef,3556d56cab2a,BANDANA009,Toy,Toy,TOYS_AND_GAMES,1,2019-04-09
53988,4db8c0cdd9ef,3556d56cab2a,BANDANA009,Toy,Toy,TOYS_AND_GAMES,3,2019-04-11
53989,4db8c0cdd9ef,3556d56cab2a,BANDANA009,Toy,Toy,TOYS_AND_GAMES,1,2019-04-12
53990,4db8c0cdd9ef,3556d56cab2a,BANDANA009,Toy,Toy,TOYS_AND_GAMES,1,2019-04-14
53991,4db8c0cdd9ef,3556d56cab2a,BANDANA009,Toy,Toy,TOYS_AND_GAMES,1,2019-04-17
53992,4db8c0cdd9ef,3556d56cab2a,BANDANA009,Toy,Toy,TOYS_AND_GAMES,2,2019-04-21
53993,4db8c0cdd9ef,3556d56cab2a,BANDANA009,Toy,Toy,TOYS_AND_GAMES,2,2019-04-23
53994,4db8c0cdd9ef,3556d56cab2a,BANDANA009,Toy,Toy,TOYS_AND_GAMES,1,2019-04-29
53995,4db8c0cdd9ef,3556d56cab2a,BANDANA009,Toy,Toy,TOYS_AND_GAMES,1,2019-04-30
53996,4db8c0cdd9ef,3556d56cab2a,BANDANA009,Toy,Toy,TOYS_AND_GAMES,1,2019-06-26
53997,4db8c0cdd9ef,3556d56cab2a,BANDANA009,Toy,Toy,TOYS_AND_GAMES,3,2019-06-28
53998,4db8c0cdd9ef,3556d56cab2a,BANDANA009,Toy,Toy,TOYS_AND_GAMES,3,2019-07-01
53999,4db8c0cdd9ef,3556d56cab2a,BANDANA009,Toy,Toy,TOYS_AND_GAMES,1,2019-07-03
54000,4db8c0cdd9ef,3556d56cab2a,BANDANA009,Toy,Toy,TOYS_AND_GAMES,1,2019-07-05
54001,4db8c0cdd9ef,3556d56cab2a,BANDANA009,Toy,Toy,TOYS_AND_GAMES,1,2019-07-06
54002,4db8c0cdd9ef,3556d56cab2a,BANDANA009,Toy,Toy,TOYS_AND_GAMES,3,2019-07-07
54003,4db8c0cdd9ef,3556d56cab2a,BANDANA009,Toy,Toy,TOYS_AND_GAMES,2,2019-07-08
54004,4db8c0cdd9ef,3556d56cab2a,BANDANA009,Toy,Toy,TOYS_AND_GAMES,1,2019-07-09
54005,4db8c0cdd9ef,3556d56cab2a,BANDANA009,Toy,Toy,TOYS_AND_GAMES,1,2019-07-10
54006,4db8c0cdd9ef,3556d56cab2a,BANDANA009,Toy,Toy,TOYS_AND_GAMES,2,2019-07-12
54007,4db8c0cdd9ef,3556d56cab2a,BANDANA009,Toy,Toy,TOYS_AND_GAMES,1,2019-07-14
54008,4db8c0cdd9ef,3556d56cab2a,BANDANA009,Toy,Toy,TOYS_AND_GAMES,2,2019-07-15
54009,4db8c0cdd9ef,3556d56cab2a,BANDANA009,Toy,Toy,TOYS_AND_GAMES,3,2019-07-16
54010,4db8c0cdd9ef,3556d56cab2a,BANDANA009,Toy,Toy,TOYS_AND_GAMES,1,2019-07-18
54011,4db8c0cdd9ef,3556d56cab2a,BANDANA009,Toy,Toy,TOYS_AND_GAMES,2,2019-07-19
54012,4db8c0cdd9ef,3556d56cab2a,BANDANA009,Toy,Toy,TOYS_AND_GAMES,4,2019-07-22
54013,4db8c0cdd9ef,3556d56cab2a,BANDANA009,Toy,Toy,TOYS_AND_GAMES,1,2019-07-29
54014,4db8c0cdd9ef,3556d56cab2a,BANDANA009,Toy,Toy,TOYS_AND_GAMES,2,2019-07-31
54015,4db8c0cdd9ef,3556d56cab2a,BANDANA009,Toy,Toy,TOYS_AND_GAMES,1,2019-08-13
54016,4db8c0cdd9ef,3556d56cab2a,BANDANA009,Toy,Toy,TOYS_AND_GAMES,1,2019-08-14
54017,4db8c0cdd9ef,3556d56cab2a,BANDANA009,Toy,Toy,TOYS_AND_GAMES,1,2019-08-17
54018,4db8c0cdd9ef,3556d56cab2a,BANDANA009,Toy,Toy,TOYS_AND_GAMES,1,2019-08-18
54019,4db8c0cdd9ef,3556d56cab2a,BANDANA009,Toy,Toy,TOYS_AND_GAMES,1,2019-08-24
54020,4db8c0cdd9ef,3556d56cab2a,BANDANA009,Toy,Toy,TOYS_AND_GAMES,1,2019-08-26
54021,4db8c0cdd9ef,3556d56cab2a,BANDANA009,Toy,Toy,TOYS_AND_GAMES,2,2019-08-30
54022,4db8c0cdd9ef,3556d56cab2a,BANDANA009,Toy,Toy,TOYS_AND_GAMES,1,2019-09-01
54023,4db8c0cdd9ef,3556d56cab2a,BANDANA009,Toy,Toy,TOYS_AND_GAMES,1,2019-09-02
54024,4db8c0cdd9ef,3556d56cab2a,BANDANA009,Toy,Toy,TOYS_AND_GAMES,1,2019-09-04
54025,4db8c0cdd9ef,3556d56cab2a,BANDANA009,Toy,Toy,TOYS_AND_GAMES,1,2019-09-06
54026,4db8c0cdd9ef,3556d56cab2a,BANDANA009,Toy,Toy,TOYS_AND_GAMES,1,2019-09-08
54027,4db8c0cdd9ef,3556d56cab2a,BANDANA009,Toy,Toy,TOYS_AND_GAMES,2,2019-09-09
54028,4db8c0cdd9ef,3556d56cab2a,BANDANA009,Toy,Toy,TOYS_AND_GAMES,2,2019-09-10
54029,4db8c0cdd9ef,3556d56cab2a,BANDANA009,Toy,Toy,TOYS_AND_GAMES,1,2019-09-20
54030,4db8c0cdd9ef,3556d56cab2a,BANDANA009,Toy,Toy,TOYS_AND_GAMES,1,2019-09-26
54031,4db8c0cdd9ef,3556d56cab2a,BANDANA009,Toy,Toy,TOYS_AND_GAMES,2,2019-09-29
54032,4db8c0cdd9ef,3556d56cab2a,BANDANA009,Toy,Toy,TOYS_AND_GAMES,1,2019-09-30
54033,4db8c0cdd9ef,3556d56cab2a,BANDANA009,Toy,Toy,TOYS_AND_GAMES,1,2019-10-02
54034,4db8c0cdd9ef,3556d56cab2a,BANDANA009,Toy,Toy,TOYS_AND_GAMES,2,2019-10-07
54035,4db8c0cdd9ef,3556d56cab2a,BANDANA009,Toy,Toy,TOYS_AND_GAMES,3,2019-10-08
54036,4db8c0cdd9ef,3556d56cab2a,BANDANA009,Toy,Toy,TOYS_AND_GAMES,1,2019-10-10
54037,4db8c0cdd9ef,3556d56cab2a,BANDANA009,Toy,Toy,TOYS_AND_GAMES,1,2019-10-13
54038,4db8c0cdd9ef,3556d56cab2a,BANDANA009,Toy,Toy,TOYS_AND_GAMES,1,2019-10-14
54039,4db8c0cdd9ef,3556d56cab2a,BANDANA009,Toy,Toy,TOYS_AND_GAMES,2,2019-10-16
54040,4db8c0cdd9ef,3556d56cab2a,BANDANA009,Toy,Toy,TOYS_AND_GAMES,1,2019-10-21
54041,4db8c0cdd9ef,3556d56cab2a,BANDANA009,Toy,Toy,TOYS_AND_GAMES,1,2019-10-23
54042,4db8c0cdd9ef,3556d56cab2a,BANDANA009,Toy,Toy,TOYS_AND_GAMES,1,2019-11-03
54043,4db8c0cdd9ef,3556d56cab2a,BANDANA009,Toy,Toy,TOYS_AND_GAMES,1,2019-11-06
54044,4db8c0cdd9ef,3556d56cab2a,BANDANA009,Toy,Toy,TOYS_AND_GAMES,1,2019-11-07
54045,4db8c0cdd9ef,3556d56cab2a,BANDANA009,Toy,Toy,TOYS_AND_GAMES,1,2019-11-08
54046,4db8c0cdd9ef,3556d56cab2a,BANDANA009,Toy,Toy,TOYS_AND_GAMES,1,2019-11-10
54047,4db8c0cdd9ef,3556d56cab2a,BANDANA009,Toy,Toy,TOYS_AND_GAMES,1,2019-11-11
54048,4db8c0cdd9ef,3556d56cab2a,BANDANA009,Toy,Toy,TOYS_AND_GAMES,1,2019-11-13
54049,4db8c0cdd9ef,3556d56cab2a,BANDANA009,Toy,Toy,TOYS_AND_GAMES,1,2019-11-14
54050,4db8c0cdd9ef,3556d56cab2a,BANDANA009,Toy,Toy,TOYS_AND_GAMES,3,2019-11-19
54051,4db8c0cdd9ef,3556d56cab2a,BANDANA009,Toy,Toy,TOYS_AND_GAMES,1,2019-11-20
54052,4db8c0cdd9ef,3556d56cab2a,BANDANA009,Toy,Toy,TOYS_AND_GAMES,1,2019-11-23
54053,4db8c0cdd9ef,3556d56cab2a,BANDANA009,Toy,Toy,TOYS_AND_GAMES,2,2019-11-25
54054,4db8c0cdd9ef,3556d56cab2a,BANDANA009,Toy,Toy,TOYS_AND_GAMES,1,2019-11-26
54055,4db8c0cdd9ef,3556d56cab2a,BANDANA009,Toy,Toy,TOYS_AND_GAMES,1,2019-11-28
54056,4db8c0cdd9ef,3556d56cab2a,BANDANA009,Toy,Toy,TOYS_AND_GAMES,1,2019-11-29
54057,4db8c0cdd9ef,3556d56cab2a,BANDANA009,Toy,Toy,TOYS_AND_GAMES,2,2019-11-30
54058,4db8c0cdd9ef,3556d56cab2a,BANDANA009,Toy,Toy,TOYS_AND_GAMES,2,2019-12-02
54059,4db8c0cdd9ef,3556d56cab2a,BANDANA009,Toy,Toy,TOYS_AND_GAMES,3,2019-12-03
54060,4db8c0cdd9ef,3556d56cab2a,BANDANA009,Toy,Toy,TOYS_AND_GAMES,4,2019-12-04
54061,4db8c0cdd9ef,3556d56cab2a,BANDANA009,Toy,Toy,TOYS_AND_GAMES,2,2019-12-05
54062,4db8c0cdd9ef,3556d56cab2a,BANDANA009,Toy,Toy,TOYS_AND_GAMES,4,2019-12-06
54063,4db8c0cdd9ef,3556d56cab2a,BANDANA009,Toy,Toy,TOYS_AND_GAMES,12,2019-12-07
54064,4db8c0cdd9ef,3556d56cab2a,BANDANA009,Toy,Toy,TOYS_AND_GAMES,4,2019-12-08
54065,4db8c0cdd9ef,3556d56cab2a,BANDANA009,Toy,Toy,TOYS_AND_GAMES,4,2019-12-09
54066,4db8c0cdd9ef,3556d56cab2a,BANDANA009,Toy,Toy,TOYS_AND_GAMES,17,2019-12-10
54067,4db8c0cdd9ef,3556d56cab2a,BANDANA009,Toy,Toy,TOYS_AND_GAMES,9,2019-12-11
54068,4db8c0cdd9ef,3556d56cab2a,BANDANA009,Toy,Toy,TOYS_AND_GAMES,12,2019-12-12
54069,4db8c0cdd9ef,3556d56cab2a,BANDANA009,Toy,Toy,TOYS_AND_GAMES,8,2019-12-13
54070,4db8c0cdd9ef,3556d56cab2a,BANDANA009,Toy,Toy,TOYS_AND_GAMES,10,2019-12-14
54071,4db8c0cdd9ef,3556d56cab2a,BANDANA009,Toy,Toy,TOYS_AND_GAMES,19,2019-12-15
54072,4db8c0cdd9ef,3556d56cab2a,BANDANA009,Toy,Toy,TOYS_AND_GAMES,17,2019-12-16
54073,4db8c0cdd9ef,3556d56cab2a,BANDANA009,Toy,Toy,TOYS_AND_GAMES,19,2019-12-17
54074,4db8c0cdd9ef,3556d56cab2a,BANDANA009,Toy,Toy,TOYS_AND_GAMES,11,2019-12-18
54075,4db8c0cdd9ef,3556d56cab2a,BANDANA009,Toy,Toy,TOYS_AND_GAMES,4,2019-12-19
54076,4db8c0cdd9ef,3556d56cab2a,BANDANA009,Toy,Toy,TOYS_AND_GAMES,8,2019-12-20
54077,4db8c0cdd9ef,3556d56cab2a,BANDANA009,Toy,Toy,TOYS_AND_GAMES,6,2019-12-21
54078,4db8c0cdd9ef,3556d56cab2a,BANDANA009,Toy,Toy,TOYS_AND_GAMES,4,2019-12-22
54079,4db8c0cdd9ef,3556d56cab2a,BANDANA009,Toy,Toy,TOYS_AND_GAMES,2,2019-12-23
54080,4db8c0cdd9ef,3556d56cab2a,BANDANA009,Toy,Toy,TOYS_AND_GAMES,2,2019-12-24
54081,4db8c0cdd9ef,3556d56cab2a,BANDANA009,Toy,Toy,TOYS_AND_GAMES,1,2019-12-30
54082,4db8c0cdd9ef,3556d56cab2a,BANDANA009,Toy,Toy,TOYS_AND_GAMES,1,2019-12-31
54083,4db8c0cdd9ef,3556d56cab2a,BANDANA009,Toy,Toy,TOYS_AND_GAMES,1,2020-01-02
54084,4db8c0cdd9ef,3556d56cab2a,BANDANA009,Toy,Toy,TOYS_AND_GAMES,2,2020-01-04
54085,4db8c0cdd9ef,3556d56cab2a,BANDANA009,Toy,Toy,TOYS_AND_GAMES,1,2020-01-05
54086,4db8c0cdd9ef,3556d56cab2a,BANDANA009,Toy,Toy,TOYS_AND_GAMES,1,2020-01-10
54087,4db8c0cdd9ef,3556d56cab2a,BANDANA009,Toy,Toy,TOYS_AND_GAMES,3,2020-01-11
54088,4db8c0cdd9ef,3556d56cab2a,BANDANA009,Toy,Toy,TOYS_AND_GAMES,4,2020-01-12
54089,4db8c0cdd9ef,3556d56cab2a,BANDANA009,Toy,Toy,TOYS_AND_GAMES,2,2020-01-15
54090,4db8c0cdd9ef,3556d56cab2a,BANDANA009,Toy,Toy,TOYS_AND_GAMES,1,2020-01-20
54091,4db8c0cdd9ef,3556d56cab2a,BANDANA009,Toy,Toy,TOYS_AND_GAMES,4,2020-01-21
54092,4db8c0cdd9ef,3556d56cab2a,BANDANA009,Toy,Toy,TOYS_AND_GAMES,2,2020-01-23
54093,4db8c0cdd9ef,3556d56cab2a,BANDANA009,Toy,Toy,TOYS_AND_GAMES,3,2020-01-24
54094,4db8c0cdd9ef,3556d56cab2a,BANDANA009,Toy,Toy,TOYS_AND_GAMES,1,2020-01-25
54095,4db8c0cdd9ef,3556d56cab2a,BANDANA009,Toy,Toy,TOYS_AND_GAMES,1,2020-01-29
54096,4db8c0cdd9ef,3556d56cab2a,BANDANA009,Toy,Toy,TOYS_AND_GAMES,1,2020-01-31
54097,4db8c0cdd9ef,3556d56cab2a,BANDANA009,Toy,Toy,TOYS_AND_GAMES,1,2020-02-01
54098,4db8c0cdd9ef,3556d56cab2a,BANDANA009,Toy,Toy,TOYS_AND_GAMES,1,2020-02-04
54099,4db8c0cdd9ef,3556d56cab2a,BANDANA009,Toy,Toy,TOYS_AND_GAMES,1,2020-02-05
54100,4db8c0cdd9ef,3556d56cab2a,BANDANA009,Toy,Toy,TOYS_AND_GAMES,1,2020-02-09
54101,4db8c0cdd9ef,3556d56cab2a,BANDANA009,Toy,Toy,TOYS_AND_GAMES,3,2020-02-10
54102,4db8c0cdd9ef,3556d56cab2a,BANDANA009,Toy,Toy,TOYS_AND_GAMES,1,2020-02-11
54103,4db8c0cdd9ef,3556d56cab2a,BANDANA009,Toy,Toy,TOYS_AND_GAMES,1,2020-02-14
54104,4db8c0cdd9ef,3556d56cab2a,BANDANA009,Toy,Toy,TOYS_AND_GAMES,1,2020-02-15
54105,4db8c0cdd9ef,3556d56cab2a,BANDANA009,Toy,Toy,TOYS_AND_GAMES,1,2020-02-17
54106,4db8c0cdd9ef,3556d56cab2a,BANDANA009,Toy,Toy,TOYS_AND_GAMES,3,2020-02-18
54107,4db8c0cdd9ef,3556d56cab2a,BANDANA009,Toy,Toy,TOYS_AND_GAMES,2,2020-02-20
54108,4db8c0cdd9ef,3556d56cab2a,BANDANA009,Toy,Toy,TOYS_AND_GAMES,1,2020-02-22
54109,4db8c0cdd9ef,3556d56cab2a,BANDANA009,Toy,Toy,TOYS_AND_GAMES,2,2020-02-25
54110,4db8c0cdd9ef,3556d56cab2a,BANDANA009,Toy,Toy,TOYS_AND_GAMES,2,2020-02-26
54111,4db8c0cdd9ef,3556d56cab2a,BANDANA009,Toy,Toy,TOYS_AND_GAMES,1,2020-02-27
54112,4db8c0cdd9ef,3556d56cab2a,BANDANA009,Toy,Toy,TOYS_AND_GAMES,1,2020-02-28
54113,4db8c0cdd9ef,3556d56cab2a,BANDANA009,Toy,Toy,TOYS_AND_GAMES,2,2020-03-02
54114,4db8c0cdd9ef,3556d56cab2a,BANDANA009,Toy,Toy,TOYS_AND_GAMES,1,2020-03-03
54115,4db8c0cdd9ef,3556d56cab2a,BANDANA009,Toy,Toy,TOYS_AND_GAMES,2,2020-03-05
54116,4db8c0cdd9ef,3556d56cab2a,BANDANA009,Toy,Toy,TOYS_AND_GAMES,2,2020-03-06
54117,4db8c0cdd9ef,3556d56cab2a,BANDANA009,Toy,Toy,TOYS_AND_GAMES,2,2020-03-07
54118,4db8c0cdd9ef,3556d56cab2a,BANDANA009,Toy,Toy,TOYS_AND_GAMES,1,2020-03-08
54119,4db8c0cdd9ef,3556d56cab2a,BANDANA009,Toy,Toy,TOYS_AND_GAMES,2,2020-03-09
54120,4db8c0cdd9ef,3556d56cab2a,BANDANA009,Toy,Toy,TOYS_AND_GAMES,2,2020-03-10
54121,4db8c0cdd9ef,3556d56cab2a,BANDANA009,Toy,Toy,TOYS_AND_GAMES,2,2020-03-11
54122,4db8c0cdd9ef,3556d56cab2a,BANDANA009,Toy,Toy,TOYS_AND_GAMES,2,2020-03-13
54123,4db8c0cdd9ef,3556d56cab2a,BANDANA009,Toy,Toy,TOYS_AND_GAMES,1,2020-03-15
54124,4db8c0cdd9ef,3556d56cab2a,BANDANA009,Toy,Toy,TOYS_AND_GAMES,2,2020-03-16
54125,4db8c0cdd9ef,3556d56cab2a,BANDANA009,Toy,Toy,TOYS_AND_GAMES,1,2020-03-17
54126,4db8c0cdd9ef,3556d56cab2a,BANDANA009,Toy,Toy,TOYS_AND_GAMES,2,2020-03-19
54127,4db8c0cdd9ef,3556d56cab2a,BANDANA009,Toy,Toy,TOYS_AND_GAMES,1,2020-03-20
54128,4db8c0cdd9ef,3556d56cab2a,BANDANA009,Toy,Toy,TOYS_AND_GAMES,2,2020-03-21
54129,4db8c0cdd9ef,3556d56cab2a,BANDANA009,Toy,Toy,TOYS_AND_GAMES,1,2020-03-24
54130,4db8c0cdd9ef,3556d56cab2a,BANDANA009,Toy,Toy,TOYS_AND_GAMES,1,2020-03-27
54131,4db8c0cdd9ef,3556d56cab2a,BANDANA009,Toy,Toy,TOYS_AND_GAMES,1,2020-03-28
54132,4db8c0cdd9ef,3556d56cab2a,BANDANA009,Toy,Toy,TOYS_AND_GAMES,2,2020-03-29
54133,4db8c0cdd9ef,3556d56cab2a,BANDANA009,Toy,Toy,TOYS_AND_GAMES,2,2020-03-30
54134,4db8c0cdd9ef,3556d56cab2a,BANDANA009,Toy,Toy,TOYS_AND_GAMES,2,2020-03-31
54135,4db8c0cdd9ef,3556d56cab2a,BANDANA009,Toy,Toy,TOYS_AND_GAMES,2,2020-04-01
54136,4db8c0cdd9ef,3556d56cab2a,BANDANA009,Toy,Toy,TOYS_AND_GAMES,3,2020-04-02
54137,4db8c0cdd9ef,3556d56cab2a,BANDANA009,Toy,Toy,TOYS_AND_GAMES,1,2020-04-03
54138,4db8c0cdd9ef,3556d56cab2a,BANDANA009,Toy,Toy,TOYS_AND_GAMES,4,2020-04-05
54139,4db8c0cdd9ef,3556d56cab2a,BANDANA009,Toy,Toy,TOYS_AND_GAMES,4,2020-04-06
54140,4db8c0cdd9ef,3556d56cab2a,BANDANA009,Toy,Toy,TOYS_AND_GAMES,3,2020-04-07
54141,4db8c0cdd9ef,3556d56cab2a,BANDANA009,Toy,Toy,TOYS_AND_GAMES,3,2020-04-08
54142,4db8c0cdd9ef,3556d56cab2a,BANDANA009,Toy,Toy,TOYS_AND_GAMES,8,2020-04-09
54143,4db8c0cdd9ef,3556d56cab2a,BANDANA009,Toy,Toy,TOYS_AND_GAMES,6,2020-04-10
54144,4db8c0cdd9ef,3556d56cab2a,BANDANA009,Toy,Toy,TOYS_AND_GAMES,4,2020-04-11
54145,4db8c0cdd9ef,3556d56cab2a,BANDANA009,Toy,Toy,TOYS_AND_GAMES,10,2020-04-12
54146,4db8c0cdd9ef,3556d56cab2a,BANDANA009,Toy,Toy,TOYS_AND_GAMES,5,2020-04-13
54147,4db8c0cdd9ef,3556d56cab2a,BANDANA009,Toy,Toy,TOYS_AND_GAMES,2,2020-04-14
54148,4db8c0cdd9ef,3556d56cab2a,BANDANA009,Toy,Toy,TOYS_AND_GAMES,2,2020-04-15
54149,4db8c0cdd9ef,3556d56cab2a,BANDANA009,Toy,Toy,TOYS_AND_GAMES,2,2020-05-06
54150,4db8c0cdd9ef,3556d56cab2a,BANDANA009,Toy,Toy,TOYS_AND_GAMES,9,2020-05-07
54151,4db8c0cdd9ef,3556d56cab2a,BANDANA009,Toy,Toy,TOYS_AND_GAMES,12,2020-05-08
54152,4db8c0cdd9ef,3556d56cab2a,BANDANA009,Toy,Toy,TOYS_AND_GAMES,4,2020-05-09
54153,4db8c0cdd9ef,3556d56cab2a,BANDANA009,Toy,Toy,TOYS_AND_GAMES,5,2020-05-11
54154,4db8c0cdd9ef,3556d56cab2a,BANDANA009,Toy,Toy,TOYS_AND_GAMES,3,2020-05-12
54155,4db8c0cdd9ef,3556d56cab2a,BANDANA009,Toy,Toy,TOYS_AND_GAMES,1,2020-05-13
54156,4db8c0cdd9ef,3556d56cab2a,BANDANA009,Toy,Toy,TOYS_AND_GAMES,1,2020-05-15
54157,4db8c0cdd9ef,3556d56cab2a,BANDANA009,Toy,Toy,TOYS_AND_GAMES,3,2020-06-13
54158,4db8c0cdd9ef,3556d56cab2a,BANDANA009,Toy,Toy,TOYS_AND_GAMES,7,2020-06-14
54159,4db8c0cdd9ef,3556d56cab2a,BANDANA009,Toy,Toy,TOYS_AND_GAMES,2,2020-06-15
54160,4db8c0cdd9ef,3556d56cab2a,BANDANA009,Toy,Toy,TOYS_AND_GAMES,3,2020-06-16
54161,4db8c0cdd9ef,3556d56cab2a,BANDANA009,Toy,Toy,TOYS_AND_GAMES,1,2020-06-18
54162,4db8c0cdd9ef,3556d56cab2a,BANDANA009,Toy,Toy,TOYS_AND_GAMES,2,2020-06-19
54163,4db8c0cdd9ef,3556d56cab2a,BANDANA009,Toy,Toy,TOYS_AND_GAMES,1,2020-06-20
54164,4db8c0cdd9ef,3556d56cab2a,BANDANA009,Toy,Toy,TOYS_AND_GAMES,2,2020-06-21
54165,4db8c0cdd9ef,3556d56cab2a,BANDANA009,Toy,Toy,TOYS_AND_GAMES,3,2020-06-22
54166,4db8c0cdd9ef,3556d56cab2a,BANDANA009,Toy,Toy,TOYS_AND_GAMES,4,2020-06-23
54167,4db8c0cdd9ef,3556d56cab2a,BANDANA009,Toy,Toy,TOYS_AND_GAMES,3,2020-06-24
54168,4db8c0cdd9ef,3556d56cab2a,BANDANA009,Toy,Toy,TOYS_AND_GAMES,2,2020-06-25
54169,4db8c0cdd9ef,3556d56cab2a,BANDANA009,Toy,Toy,TOYS_AND_GAMES,6,2020-06-26
54170,4db8c0cdd9ef,3556d56cab2a,BANDANA009,Toy,Toy,TOYS_AND_GAMES,4,2020-06-27
54171,4db8c0cdd9ef,3556d56cab2a,BANDANA009,Toy,Toy,TOYS_AND_GAMES,6,2020-06-28
54172,4db8c0cdd9ef,3556d56cab2a,BANDANA009,Toy,Toy,TOYS_AND_GAMES,3,2020-06-29
54173,4db8c0cdd9ef,3556d56cab2a,BANDANA009,Toy,Toy,TOYS_AND_GAMES,3,2020-06-30
54174,4db8c0cdd9ef,3556d56cab2a,BANDANA009,Toy,Toy,TOYS_AND_GAMES,4,2020-07-01
54175,4db8c0cdd9ef,3556d56cab2a,BANDANA009,Toy,Toy,TOYS_AND_GAMES,5,2020-07-02
54176,4db8c0cdd9ef,3556d56cab2a,BANDANA009,Toy,Toy,TOYS_AND_GAMES,3,2020-07-03
54177,4db8c0cdd9ef,3556d56cab2a,BANDANA009,Toy,Toy,TOYS_AND_GAMES,5,2020-07-04
54178,4db8c0cdd9ef,3556d56cab2a,BANDANA009,Toy,Toy,TOYS_AND_GAMES,4,2020-07-05
54179,4db8c0cdd9ef,3556d56cab2a,BANDANA009,Toy,Toy,TOYS_AND_GAMES,2,2020-07-06
54180,4db8c0cdd9ef,3556d56cab2a,BANDANA009,Toy,Toy,TOYS_AND_GAMES,4,2020-07-07
54181,4db8c0cdd9ef,3556d56cab2a,BANDANA009,Toy,Toy,TOYS_AND_GAMES,4,2020-07-08
54182,4db8c0cdd9ef,3556d56cab2a,BANDANA009,Toy,Toy,TOYS_AND_GAMES,2,2020-07-09
54183,4db8c0cdd9ef,3556d56cab2a,BANDANA009,Toy,Toy,TOYS_AND_GAMES,1,2020-07-17
54184,4db8c0cdd9ef,3556d56cab2a,BANDANA009,Toy,Toy,TOYS_AND_GAMES,1,2020-08-04
54185,4db8c0cdd9ef,3556d56cab2a,BANDANA009,Toy,Toy,TOYS_AND_GAMES,1,2020-09-14
914385,4db8c0cdd9ef,b9da9eef0e7a,BANDANA014,Toy,Toy,TOYS_AND_GAMES,4,2019-02-01
914386,4db8c0cdd9ef,b9da9eef0e7a,BANDANA014,Toy,Toy,TOYS_AND_GAMES,3,2019-02-02
914387,4db8c0cdd9ef,b9da9eef0e7a,BANDANA014,Toy,Toy,TOYS_AND_GAMES,4,2019-02-03
914388,4db8c0cdd9ef,b9da9eef0e7a,BANDANA014,Toy,Toy,TOYS_AND_GAMES,1,2019-02-04
914389,4db8c0cdd9ef,b9da9eef0e7a,BANDANA014,Toy,Toy,TOYS_AND_GAMES,1,2019-02-18
914390,4db8c0cdd9ef,b9da9eef0e7a,BANDANA014,Toy,Toy,TOYS_AND_GAMES,2,2019-02-19
914391,4db8c0cdd9ef,b9da9eef0e7a,BANDANA014,Toy,Toy,TOYS_AND_GAMES,5,2019-02-20
914392,4db8c0cdd9ef,b9da9eef0e7a,BANDANA014,Toy,Toy,TOYS_AND_GAMES,8,2019-02-21
914393,4db8c0cdd9ef,b9da9eef0e7a,BANDANA014,Toy,Toy,TOYS_AND_GAMES,4,2019-02-22
914394,4db8c0cdd9ef,b9da9eef0e7a,BANDANA014,Toy,Toy,TOYS_AND_GAMES,5,2019-02-23
914395,4db8c0cdd9ef,b9da9eef0e7a,BANDANA014,Toy,Toy,TOYS_AND_GAMES,6,2019-02-24
914396,4db8c0cdd9ef,b9da9eef0e7a,BANDANA014,Toy,Toy,TOYS_AND_GAMES,6,2019-02-25
914397,4db8c0cdd9ef,b9da9eef0e7a,BANDANA014,Toy,Toy,TOYS_AND_GAMES,5,2019-02-26
914398,4db8c0cdd9ef,b9da9eef0e7a,BANDANA014,Toy,Toy,TOYS_AND_GAMES,6,2019-02-27
914399,4db8c0cdd9ef,b9da9eef0e7a,BANDANA014,Toy,Toy,TOYS_AND_GAMES,6,2019-02-28
914400,4db8c0cdd9ef,b9da9eef0e7a,BANDANA014,Toy,Toy,TOYS_AND_GAMES,4,2019-03-01
914401,4db8c0cdd9ef,b9da9eef0e7a,BANDANA014,Toy,Toy,TOYS_AND_GAMES,4,2019-03-02
914402,4db8c0cdd9ef,b9da9eef0e7a,BANDANA014,Toy,Toy,TOYS_AND_GAMES,7,2019-03-03
914403,4db8c0cdd9ef,b9da9eef0e7a,BANDANA014,Toy,Toy,TOYS_AND_GAMES,8,2019-03-04
914404,4db8c0cdd9ef,b9da9eef0e7a,BANDANA014,Toy,Toy,TOYS_AND_GAMES,2,2019-03-05
914405,4db8c0cdd9ef,b9da9eef0e7a,BANDANA014,Toy,Toy,TOYS_AND_GAMES,10,2019-03-06
914406,4db8c0cdd9ef,b9da9eef0e7a,BANDANA014,Toy,Toy,TOYS_AND_GAMES,4,2019-03-07
914407,4db8c0cdd9ef,b9da9eef0e7a,BANDANA014,Toy,Toy,TOYS_AND_GAMES,5,2019-03-08
914408,4db8c0cdd9ef,b9da9eef0e7a,BANDANA014,Toy,Toy,TOYS_AND_GAMES,3,2019-03-09
914409,4db8c0cdd9ef,b9da9eef0e7a,BANDANA014,Toy,Toy,TOYS_AND_GAMES,11,2019-03-10
914410,4db8c0cdd9ef,b9da9eef0e7a,BANDANA014,Toy,Toy,TOYS_AND_GAMES,3,2019-03-11
914411,4db8c0cdd9ef,b9da9eef0e7a,BANDANA014,Toy,Toy,TOYS_AND_GAMES,11,2019-03-12
914412,4db8c0cdd9ef,b9da9eef0e7a,BANDANA014,Toy,Toy,TOYS_AND_GAMES,4,2019-03-13
914413,4db8c0cdd9ef,b9da9eef0e7a,BANDANA014,Toy,Toy,TOYS_AND_GAMES,10,2019-03-14
914414,4db8c0cdd9ef,b9da9eef0e7a,BANDANA014,Toy,Toy,TOYS_AND_GAMES,3,2019-03-15
914415,4db8c0cdd9ef,b9da9eef0e7a,BANDANA014,Toy,Toy,TOYS_AND_GAMES,4,2019-03-16
914416,4db8c0cdd9ef,b9da9eef0e7a,BANDANA014,Toy,Toy,TOYS_AND_GAMES,8,2019-03-17
914417,4db8c0cdd9ef,b9da9eef0e7a,BANDANA014,Toy,Toy,TOYS_AND_GAMES,8,2019-03-18
914418,4db8c0cdd9ef,b9da9eef0e7a,BANDANA014,Toy,Toy,TOYS_AND_GAMES,5,2019-03-19
914419,4db8c0cdd9ef,b9da9eef0e7a,BANDANA014,Toy,Toy,TOYS_AND_GAMES,5,2019-03-20
914420,4db8c0cdd9ef,b9da9eef0e7a,BANDANA014,Toy,Toy,TOYS_AND_GAMES,7,2019-03-21
914421,4db8c0cdd9ef,b9da9eef0e7a,BANDANA014,Toy,Toy,TOYS_AND_GAMES,5,2019-03-22
914422,4db8c0cdd9ef,b9da9eef0e7a,BANDANA014,Toy,Toy,TOYS_AND_GAMES,5,2019-03-23
914423,4db8c0cdd9ef,b9da9eef0e7a,BANDANA014,Toy,Toy,TOYS_AND_GAMES,7,2019-03-24
914424,4db8c0cdd9ef,b9da9eef0e7a,BANDANA014,Toy,Toy,TOYS_AND_GAMES,6,2019-03-25
914425,4db8c0cdd9ef,b9da9eef0e7a,BANDANA014,Toy,Toy,TOYS_AND_GAMES,7,2019-03-26
914426,4db8c0cdd9ef,b9da9eef0e7a,BANDANA014,Toy,Toy,TOYS_AND_GAMES,11,2019-03-27
914427,4db8c0cdd9ef,b9da9eef0e7a,BANDANA014,Toy,Toy,TOYS_AND_GAMES,1,2019-03-28
914428,4db8c0cdd9ef,b9da9eef0e7a,BANDANA014,Toy,Toy,TOYS_AND_GAMES,4,2019-03-29
914429,4db8c0cdd9ef,b9da9eef0e7a,BANDANA014,Toy,Toy,TOYS_AND_GAMES,5,2019-03-30
914430,4db8c0cdd9ef,b9da9eef0e7a,BANDANA014,Toy,Toy,TOYS_AND_GAMES,3,2019-03-31
914431,4db8c0cdd9ef,b9da9eef0e7a,BANDANA014,Toy,Toy,TOYS_AND_GAMES,4,2019-04-01
914432,4db8c0cdd9ef,b9da9eef0e7a,BANDANA014,Toy,Toy,TOYS_AND_GAMES,11,2019-04-02
914433,4db8c0cdd9ef,b9da9eef0e7a,BANDANA014,Toy,Toy,TOYS_AND_GAMES,11,2019-04-03
914434,4db8c0cdd9ef,b9da9eef0e7a,BANDANA014,Toy,Toy,TOYS_AND_GAMES,5,2019-04-04
914435,4db8c0cdd9ef,b9da9eef0e7a,BANDANA014,Toy,Toy,TOYS_AND_GAMES,3,2019-04-05
914436,4db8c0cdd9ef,b9da9eef0e7a,BANDANA014,Toy,Toy,TOYS_AND_GAMES,4,2019-04-06
914437,4db8c0cdd9ef,b9da9eef0e7a,BANDANA014,Toy,Toy,TOYS_AND_GAMES,2,2019-04-07
914438,4db8c0cdd9ef,b9da9eef0e7a,BANDANA014,Toy,Toy,TOYS_AND_GAMES,5,2019-04-08
914439,4db8c0cdd9ef,b9da9eef0e7a,BANDANA014,Toy,Toy,TOYS_AND_GAMES,8,2019-04-09
914440,4db8c0cdd9ef,b9da9eef0e7a,BANDANA014,Toy,Toy,TOYS_AND_GAMES,2,2019-04-10
914441,4db8c0cdd9ef,b9da9eef0e7a,BANDANA014,Toy,Toy,TOYS_AND_GAMES,7,2019-04-11
914442,4db8c0cdd9ef,b9da9eef0e7a,BANDANA014,Toy,Toy,TOYS_AND_GAMES,3,2019-04-12
914443,4db8c0cdd9ef,b9da9eef0e7a,BANDANA014,Toy,Toy,TOYS_AND_GAMES,5,2019-04-13
914444,4db8c0cdd9ef,b9da9eef0e7a,BANDANA014,Toy,Toy,TOYS_AND_GAMES,12,2019-04-14
914445,4db8c0cdd9ef,b9da9eef0e7a,BANDANA014,Toy,Toy,TOYS_AND_GAMES,9,2019-04-15
914446,4db8c0cdd9ef,b9da9eef0e7a,BANDANA014,Toy,Toy,TOYS_AND_GAMES,3,2019-04-16
914447,4db8c0cdd9ef,b9da9eef0e7a,BANDANA014,Toy,Toy,TOYS_AND_GAMES,12,2019-04-17
914448,4db8c0cdd9ef,b9da9eef0e7a,BANDANA014,Toy,Toy,TOYS_AND_GAMES,5,2019-04-18
914449,4db8c0cdd9ef,b9da9eef0e7a,BANDANA014,Toy,Toy,TOYS_AND_GAMES,5,2019-04-19
914450,4db8c0cdd9ef,b9da9eef0e7a,BANDANA014,Toy,Toy,TOYS_AND_GAMES,3,2019-04-20
914451,4db8c0cdd9ef,b9da9eef0e7a,BANDANA014,Toy,Toy,TOYS_AND_GAMES,2,2019-04-21
914452,4db8c0cdd9ef,b9da9eef0e7a,BANDANA014,Toy,Toy,TOYS_AND_GAMES,4,2019-04-22
914453,4db8c0cdd9ef,b9da9eef0e7a,BANDANA014,Toy,Toy,TOYS_AND_GAMES,2,2019-04-23
914454,4db8c0cdd9ef,b9da9eef0e7a,BANDANA014,Toy,Toy,TOYS_AND_GAMES,5,2019-04-24
914455,4db8c0cdd9ef,b9da9eef0e7a,BANDANA014,Toy,Toy,TOYS_AND_GAMES,7,2019-04-25
914456,4db8c0cdd9ef,b9da9eef0e7a,BANDANA014,Toy,Toy,TOYS_AND_GAMES,4,2019-04-26
914457,4db8c0cdd9ef,b9da9eef0e7a,BANDANA014,Toy,Toy,TOYS_AND_GAMES,5,2019-04-27
914458,4db8c0cdd9ef,b9da9eef0e7a,BANDANA014,Toy,Toy,TOYS_AND_GAMES,3,2019-04-28
914459,4db8c0cdd9ef,b9da9eef0e7a,BANDANA014,Toy,Toy,TOYS_AND_GAMES,2,2019-04-29
914460,4db8c0cdd9ef,b9da9eef0e7a,BANDANA014,Toy,Toy,TOYS_AND_GAMES,4,2019-04-30
914461,4db8c0cdd9ef,b9da9eef0e7a,BANDANA014,Toy,Toy,TOYS_AND_GAMES,2,2019-05-01
914462,4db8c0cdd9ef,b9da9eef0e7a,BANDANA014,Toy,Toy,TOYS_AND_GAMES,4,2019-05-02
914463,4db8c0cdd9ef,b9da9eef0e7a,BANDANA014,Toy,Toy,TOYS_AND_GAMES,6,2019-05-03
914464,4db8c0cdd9ef,b9da9eef0e7a,BANDANA014,Toy,Toy,TOYS_AND_GAMES,1,2019-05-05
914465,4db8c0cdd9ef,b9da9eef0e7a,BANDANA014,Toy,Toy,TOYS_AND_GAMES,4,2019-05-06
914466,4db8c0cdd9ef,b9da9eef0e7a,BANDANA014,Toy,Toy,TOYS_AND_GAMES,10,2019-05-07
914467,4db8c0cdd9ef,b9da9eef0e7a,BANDANA014,Toy,Toy,TOYS_AND_GAMES,7,2019-05-08
914468,4db8c0cdd9ef,b9da9eef0e7a,BANDANA014,Toy,Toy,TOYS_AND_GAMES,4,2019-05-09
914469,4db8c0cdd9ef,b9da9eef0e7a,BANDANA014,Toy,Toy,TOYS_AND_GAMES,3,2019-05-10
914470,4db8c0cdd9ef,b9da9eef0e7a,BANDANA014,Toy,Toy,TOYS_AND_GAMES,5,2019-05-11
914471,4db8c0cdd9ef,b9da9eef0e7a,BANDANA014,Toy,Toy,TOYS_AND_GAMES,3,2019-05-12
914472,4db8c0cdd9ef,b9da9eef0e7a,BANDANA014,Toy,Toy,TOYS_AND_GAMES,3,2019-05-13
914473,4db8c0cdd9ef,b9da9eef0e7a,BANDANA014,Toy,Toy,TOYS_AND_GAMES,3,2019-05-14
914474,4db8c0cdd9ef,b9da9eef0e7a,BANDANA014,Toy,Toy,TOYS_AND_GAMES,1,2019-05-15
914475,4db8c0cdd9ef,b9da9eef0e7a,BANDANA014,Toy,Toy,TOYS_AND_GAMES,4,2019-05-16
914476,4db8c0cdd9ef,b9da9eef0e7a,BANDANA014,Toy,Toy,TOYS_AND_GAMES,3,2019-05-17
914477,4db8c0cdd9ef,b9da9eef0e7a,BANDANA014,Toy,Toy,TOYS_AND_GAMES,6,2019-05-18
914478,4db8c0cdd9ef,b9da9eef0e7a,BANDANA014,Toy,Toy,TOYS_AND_GAMES,1,2019-05-19
914479,4db8c0cdd9ef,b9da9eef0e7a,BANDANA014,Toy,Toy,TOYS_AND_GAMES,3,2019-05-20
914480,4db8c0cdd9ef,b9da9eef0e7a,BANDANA014,Toy,Toy,TOYS_AND_GAMES,5,2019-05-21
914481,4db8c0cdd9ef,b9da9eef0e7a,BANDANA014,Toy,Toy,TOYS_AND_GAMES,4,2019-05-22
914482,4db8c0cdd9ef,b9da9eef0e7a,BANDANA014,Toy,Toy,TOYS_AND_GAMES,2,2019-05-23
914483,4db8c0cdd9ef,b9da9eef0e7a,BANDANA014,Toy,Toy,TOYS_AND_GAMES,4,2019-05-24
914484,4db8c0cdd9ef,b9da9eef0e7a,BANDANA014,Toy,Toy,TOYS_AND_GAMES,2,2019-05-26
914485,4db8c0cdd9ef,b9da9eef0e7a,BANDANA014,Toy,Toy,TOYS_AND_GAMES,1,2019-05-27
914486,4db8c0cdd9ef,b9da9eef0e7a,BANDANA014,Toy,Toy,TOYS_AND_GAMES,6,2019-05-28
914487,4db8c0cdd9ef,b9da9eef0e7a,BANDANA014,Toy,Toy,TOYS_AND_GAMES,10,2019-05-29
914488,4db8c0cdd9ef,b9da9eef0e7a,BANDANA014,Toy,Toy,TOYS_AND_GAMES,4,2019-05-30
914489,4db8c0cdd9ef,b9da9eef0e7a,BANDANA014,Toy,Toy,TOYS_AND_GAMES,7,2019-05-31
914490,4db8c0cdd9ef,b9da9eef0e7a,BANDANA014,Toy,Toy,TOYS_AND_GAMES,4,2019-06-01
914491,4db8c0cdd9ef,b9da9eef0e7a,BANDANA014,Toy,Toy,TOYS_AND_GAMES,6,2019-06-02
914492,4db8c0cdd9ef,b9da9eef0e7a,BANDANA014,Toy,Toy,TOYS_AND_GAMES,3,2019-06-03
914493,4db8c0cdd9ef,b9da9eef0e7a,BANDANA014,Toy,Toy,TOYS_AND_GAMES,4,2019-06-04
914494,4db8c0cdd9ef,b9da9eef0e7a,BANDANA014,Toy,Toy,TOYS_AND_GAMES,4,2019-06-05
914495,4db8c0cdd9ef,b9da9eef0e7a,BANDANA014,Toy,Toy,TOYS_AND_GAMES,3,2019-06-06
914496,4db8c0cdd9ef,b9da9eef0e7a,BANDANA014,Toy,Toy,TOYS_AND_GAMES,5,2019-06-07
914497,4db8c0cdd9ef,b9da9eef0e7a,BANDANA014,Toy,Toy,TOYS_AND_GAMES,2,2019-06-08
914498,4db8c0cdd9ef,b9da9eef0e7a,BANDANA014,Toy,Toy,TOYS_AND_GAMES,5,2019-06-09
914499,4db8c0cdd9ef,b9da9eef0e7a,BANDANA014,Toy,Toy,TOYS_AND_GAMES,5,2019-06-10
914500,4db8c0cdd9ef,b9da9eef0e7a,BANDANA014,Toy,Toy,TOYS_AND_GAMES,3,2019-06-11
914501,4db8c0cdd9ef,b9da9eef0e7a,BANDANA014,Toy,Toy,TOYS_AND_GAMES,3,2019-06-13
914502,4db8c0cdd9ef,b9da9eef0e7a,BANDANA014,Toy,Toy,TOYS_AND_GAMES,1,2019-06-14
914503,4db8c0cdd9ef,b9da9eef0e7a,BANDANA014,Toy,Toy,TOYS_AND_GAMES,2,2019-06-15
914504,4db8c0cdd9ef,b9da9eef0e7a,BANDANA014,Toy,Toy,TOYS_AND_GAMES,2,2019-06-16
914505,4db8c0cdd9ef,b9da9eef0e7a,BANDANA014,Toy,Toy,TOYS_AND_GAMES,1,2019-06-17
914506,4db8c0cdd9ef,b9da9eef0e7a,BANDANA014,Toy,Toy,TOYS_AND_GAMES,4,2019-06-18
914507,4db8c0cdd9ef,b9da9eef0e7a,BANDANA014,Toy,Toy,TOYS_AND_GAMES,2,2019-06-19
914508,4db8c0cdd9ef,b9da9eef0e7a,BANDANA014,Toy,Toy,TOYS_AND_GAMES,2,2019-06-20
914509,4db8c0cdd9ef,b9da9eef0e7a,BANDANA014,Toy,Toy,TOYS_AND_GAMES,1,2019-06-21
914510,4db8c0cdd9ef,b9da9eef0e7a,BANDANA014,Toy,Toy,TOYS_AND_GAMES,1,2019-06-22
914511,4db8c0cdd9ef,b9da9eef0e7a,BANDANA014,Toy,Toy,TOYS_AND_GAMES,2,2019-06-23
914512,4db8c0cdd9ef,b9da9eef0e7a,BANDANA014,Toy,Toy,TOYS_AND_GAMES,5,2019-06-24
914513,4db8c0cdd9ef,b9da9eef0e7a,BANDANA014,Toy,Toy,TOYS_AND_GAMES,4,2019-06-25
914514,4db8c0cdd9ef,b9da9eef0e7a,BANDANA014,Toy,Toy,TOYS_AND_GAMES,1,2019-06-26
914515,4db8c0cdd9ef,b9da9eef0e7a,BANDANA014,Toy,Toy,TOYS_AND_GAMES,1,2019-08-14
914516,4db8c0cdd9ef,b9da9eef0e7a,BANDANA014,Toy,Toy,TOYS_AND_GAMES,5,2019-08-15
914517,4db8c0cdd9ef,b9da9eef0e7a,BANDANA014,Toy,Toy,TOYS_AND_GAMES,4,2019-08-16
914518,4db8c0cdd9ef,b9da9eef0e7a,BANDANA014,Toy,Toy,TOYS_AND_GAMES,1,2019-08-17
914519,4db8c0cdd9ef,b9da9eef0e7a,BANDANA014,Toy,Toy,TOYS_AND_GAMES,2,2019-08-18
914520,4db8c0cdd9ef,b9da9eef0e7a,BANDANA014,Toy,Toy,TOYS_AND_GAMES,2,2019-08-19
914521,4db8c0cdd9ef,b9da9eef0e7a,BANDANA014,Toy,Toy,TOYS_AND_GAMES,2,2019-08-20
914522,4db8c0cdd9ef,b9da9eef0e7a,BANDANA014,Toy,Toy,TOYS_AND_GAMES,1,2019-08-21
914523,4db8c0cdd9ef,b9da9eef0e7a,BANDANA014,Toy,Toy,TOYS_AND_GAMES,3,2019-08-22
914524,4db8c0cdd9ef,b9da9eef0e7a,BANDANA014,Toy,Toy,TOYS_AND_GAMES,1,2019-08-23
914525,4db8c0cdd9ef,b9da9eef0e7a,BANDANA014,Toy,Toy,TOYS_AND_GAMES,3,2019-08-24
914526,4db8c0cdd9ef,b9da9eef0e7a,BANDANA014,Toy,Toy,TOYS_AND_GAMES,1,2019-08-25
914527,4db8c0cdd9ef,b9da9eef0e7a,BANDANA014,Toy,Toy,TOYS_AND_GAMES,6,2019-08-26
914528,4db8c0cdd9ef,b9da9eef0e7a,BANDANA014,Toy,Toy,TOYS_AND_GAMES,1,2019-08-27
914529,4db8c0cdd9ef,b9da9eef0e7a,BANDANA014,Toy,Toy,TOYS_AND_GAMES,1,2019-08-28
914530,4db8c0cdd9ef,b9da9eef0e7a,BANDANA014,Toy,Toy,TOYS_AND_GAMES,3,2019-08-29
914531,4db8c0cdd9ef,b9da9eef0e7a,BANDANA014,Toy,Toy,TOYS_AND_GAMES,4,2019-08-30
914532,4db8c0cdd9ef,b9da9eef0e7a,BANDANA014,Toy,Toy,TOYS_AND_GAMES,4,2019-08-31
914533,4db8c0cdd9ef,b9da9eef0e7a,BANDANA014,Toy,Toy,TOYS_AND_GAMES,2,2019-09-01
914534,4db8c0cdd9ef,b9da9eef0e7a,BANDANA014,Toy,Toy,TOYS_AND_GAMES,1,2019-09-03
914535,4db8c0cdd9ef,b9da9eef0e7a,BANDANA014,Toy,Toy,TOYS_AND_GAMES,4,2019-09-04
914536,4db8c0cdd9ef,b9da9eef0e7a,BANDANA014,Toy,Toy,TOYS_AND_GAMES,1,2019-09-05
914537,4db8c0cdd9ef,b9da9eef0e7a,BANDANA014,Toy,Toy,TOYS_AND_GAMES,4,2019-09-06
914538,4db8c0cdd9ef,b9da9eef0e7a,BANDANA014,Toy,Toy,TOYS_AND_GAMES,2,2019-09-07
914539,4db8c0cdd9ef,b9da9eef0e7a,BANDANA014,Toy,Toy,TOYS_AND_GAMES,6,2019-09-08
914540,4db8c0cdd9ef,b9da9eef0e7a,BANDANA014,Toy,Toy,TOYS_AND_GAMES,3,2019-09-09
914541,4db8c0cdd9ef,b9da9eef0e7a,BANDANA014,Toy,Toy,TOYS_AND_GAMES,9,2019-09-10
914542,4db8c0cdd9ef,b9da9eef0e7a,BANDANA014,Toy,Toy,TOYS_AND_GAMES,4,2019-09-11
914543,4db8c0cdd9ef,b9da9eef0e7a,BANDANA014,Toy,Toy,TOYS_AND_GAMES,4,2019-09-12
914544,4db8c0cdd9ef,b9da9eef0e7a,BANDANA014,Toy,Toy,TOYS_AND_GAMES,3,2019-09-13
914545,4db8c0cdd9ef,b9da9eef0e7a,BANDANA014,Toy,Toy,TOYS_AND_GAMES,3,2019-09-14
914546,4db8c0cdd9ef,b9da9eef0e7a,BANDANA014,Toy,Toy,TOYS_AND_GAMES,6,2019-09-15
914547,4db8c0cdd9ef,b9da9eef0e7a,BANDANA014,Toy,Toy,TOYS_AND_GAMES,4,2019-09-16
914548,4db8c0cdd9ef,b9da9eef0e7a,BANDANA014,Toy,Toy,TOYS_AND_GAMES,1,2019-09-17
914549,4db8c0cdd9ef,b9da9eef0e7a,BANDANA014,Toy,Toy,TOYS_AND_GAMES,4,2019-09-18
914550,4db8c0cdd9ef,b9da9eef0e7a,BANDANA014,Toy,Toy,TOYS_AND_GAMES,3,2019-09-19
914551,4db8c0cdd9ef,b9da9eef0e7a,BANDANA014,Toy,Toy,TOYS_AND_GAMES,5,2019-09-20
914552,4db8c0cdd9ef,b9da9eef0e7a,BANDANA014,Toy,Toy,TOYS_AND_GAMES,1,2019-09-21
914553,4db8c0cdd9ef,b9da9eef0e7a,BANDANA014,Toy,Toy,TOYS_AND_GAMES,1,2019-09-22
914554,4db8c0cdd9ef,b9da9eef0e7a,BANDANA014,Toy,Toy,TOYS_AND_GAMES,4,2019-09-23
914555,4db8c0cdd9ef,b9da9eef0e7a,BANDANA014,Toy,Toy,TOYS_AND_GAMES,2,2019-09-24
914556,4db8c0cdd9ef,b9da9eef0e7a,BANDANA014,Toy,Toy,TOYS_AND_GAMES,2,2019-09-25
914557,4db8c0cdd9ef,b9da9eef0e7a,BANDANA014,Toy,Toy,TOYS_AND_GAMES,5,2019-09-26
914558,4db8c0cdd9ef,b9da9eef0e7a,BANDANA014,Toy,Toy,TOYS_AND_GAMES,4,2019-09-27
914559,4db8c0cdd9ef,b9da9eef0e7a,BANDANA014,Toy,Toy,TOYS_AND_GAMES,7,2019-09-28
914560,4db8c0cdd9ef,b9da9eef0e7a,BANDANA014,Toy,Toy,TOYS_AND_GAMES,4,2019-09-29
914561,4db8c0cdd9ef,b9da9eef0e7a,BANDANA014,Toy,Toy,TOYS_AND_GAMES,3,2019-09-30
914562,4db8c0cdd9ef,b9da9eef0e7a,BANDANA014,Toy,Toy,TOYS_AND_GAMES,4,2019-10-01
914563,4db8c0cdd9ef,b9da9eef0e7a,BANDANA014,Toy,Toy,TOYS_AND_GAMES,6,2019-10-02
914564,4db8c0cdd9ef,b9da9eef0e7a,BANDANA014,Toy,Toy,TOYS_AND_GAMES,5,2019-10-03
914565,4db8c0cdd9ef,b9da9eef0e7a,BANDANA014,Toy,Toy,TOYS_AND_GAMES,6,2019-10-04
914566,4db8c0cdd9ef,b9da9eef0e7a,BANDANA014,Toy,Toy,TOYS_AND_GAMES,2,2019-10-05
914567,4db8c0cdd9ef,b9da9eef0e7a,BANDANA014,Toy,Toy,TOYS_AND_GAMES,3,2019-10-06
914568,4db8c0cdd9ef,b9da9eef0e7a,BANDANA014,Toy,Toy,TOYS_AND_GAMES,1,2019-10-07
914569,4db8c0cdd9ef,b9da9eef0e7a,BANDANA014,Toy,Toy,TOYS_AND_GAMES,5,2019-10-08
914570,4db8c0cdd9ef,b9da9eef0e7a,BANDANA014,Toy,Toy,TOYS_AND_GAMES,8,2019-10-09
914571,4db8c0cdd9ef,b9da9eef0e7a,BANDANA014,Toy,Toy,TOYS_AND_GAMES,5,2019-10-10
914572,4db8c0cdd9ef,b9da9eef0e7a,BANDANA014,Toy,Toy,TOYS_AND_GAMES,3,2019-10-11
914573,4db8c0cdd9ef,b9da9eef0e7a,BANDANA014,Toy,Toy,TOYS_AND_GAMES,2,2019-10-12
914574,4db8c0cdd9ef,b9da9eef0e7a,BANDANA014,Toy,Toy,TOYS_AND_GAMES,2,2019-10-13
914575,4db8c0cdd9ef,b9da9eef0e7a,BANDANA014,Toy,Toy,TOYS_AND_GAMES,2,2019-10-14
914576,4db8c0cdd9ef,b9da9eef0e7a,BANDANA014,Toy,Toy,TOYS_AND_GAMES,4,2019-10-15
914577,4db8c0cdd9ef,b9da9eef0e7a,BANDANA014,Toy,Toy,TOYS_AND_GAMES,4,2019-10-16
914578,4db8c0cdd9ef,b9da9eef0e7a,BANDANA014,Toy,Toy,TOYS_AND_GAMES,3,2019-10-17
914579,4db8c0cdd9ef,b9da9eef0e7a,BANDANA014,Toy,Toy,TOYS_AND_GAMES,5,2019-10-18
914580,4db8c0cdd9ef,b9da9eef0e7a,BANDANA014,Toy,Toy,TOYS_AND_GAMES,2,2019-10-19
914581,4db8c0cdd9ef,b9da9eef0e7a,BANDANA014,Toy,Toy,TOYS_AND_GAMES,6,2019-10-20
914582,4db8c0cdd9ef,b9da9eef0e7a,BANDANA014,Toy,Toy,TOYS_AND_GAMES,2,2019-10-21
914583,4db8c0cdd9ef,b9da9eef0e7a,BANDANA014,Toy,Toy,TOYS_AND_GAMES,6,2019-10-22
914584,4db8c0cdd9ef,b9da9eef0e7a,BANDANA014,Toy,Toy,TOYS_AND_GAMES,3,2019-10-23
914585,4db8c0cdd9ef,b9da9eef0e7a,BANDANA014,Toy,Toy,TOYS_AND_GAMES,4,2019-10-24
914586,4db8c0cdd9ef,b9da9eef0e7a,BANDANA014,Toy,Toy,TOYS_AND_GAMES,4,2019-10-25
914587,4db8c0cdd9ef,b9da9eef0e7a,BANDANA014,Toy,Toy,TOYS_AND_GAMES,3,2019-10-26
914588,4db8c0cdd9ef,b9da9eef0e7a,BANDANA014,Toy,Toy,TOYS_AND_GAMES,2,2019-10-27
914589,4db8c0cdd9ef,b9da9eef0e7a,BANDANA014,Toy,Toy,TOYS_AND_GAMES,5,2019-10-28
914590,4db8c0cdd9ef,b9da9eef0e7a,BANDANA014,Toy,Toy,TOYS_AND_GAMES,7,2019-10-29
914591,4db8c0cdd9ef,b9da9eef0e7a,BANDANA014,Toy,Toy,TOYS_AND_GAMES,5,2019-10-30
914592,4db8c0cdd9ef,b9da9eef0e7a,BANDANA014,Toy,Toy,TOYS_AND_GAMES,6,2019-10-31
914593,4db8c0cdd9ef,b9da9eef0e7a,BANDANA014,Toy,Toy,TOYS_AND_GAMES,5,2019-11-01
914594,4db8c0cdd9ef,b9da9eef0e7a,BANDANA014,Toy,Toy,TOYS_AND_GAMES,4,2019-11-02
914595,4db8c0cdd9ef,b9da9eef0e7a,BANDANA014,Toy,Toy,TOYS_AND_GAMES,2,2019-11-03
914596,4db8c0cdd9ef,b9da9eef0e7a,BANDANA014,Toy,Toy,TOYS_AND_GAMES,9,2019-11-04
914597,4db8c0cdd9ef,b9da9eef0e7a,BANDANA014,Toy,Toy,TOYS_AND_GAMES,10,2019-11-05
914598,4db8c0cdd9ef,b9da9eef0e7a,BANDANA014,Toy,Toy,TOYS_AND_GAMES,6,2019-11-06
914599,4db8c0cdd9ef,b9da9eef0e7a,BANDANA014,Toy,Toy,TOYS_AND_GAMES,4,2019-11-07
914600,4db8c0cdd9ef,b9da9eef0e7a,BANDANA014,Toy,Toy,TOYS_AND_GAMES,8,2019-11-08
914601,4db8c0cdd9ef,b9da9eef0e7a,BANDANA014,Toy,Toy,TOYS_AND_GAMES,6,2019-11-09
914602,4db8c0cdd9ef,b9da9eef0e7a,BANDANA014,Toy,Toy,TOYS_AND_GAMES,3,2019-11-10
914603,4db8c0cdd9ef,b9da9eef0e7a,BANDANA014,Toy,Toy,TOYS_AND_GAMES,8,2019-11-11
914604,4db8c0cdd9ef,b9da9eef0e7a,BANDANA014,Toy,Toy,TOYS_AND_GAMES,6,2019-11-12
914605,4db8c0cdd9ef,b9da9eef0e7a,BANDANA014,Toy,Toy,TOYS_AND_GAMES,2,2019-11-13
914606,4db8c0cdd9ef,b9da9eef0e7a,BANDANA014,Toy,Toy,TOYS_AND_GAMES,8,2019-11-14
914607,4db8c0cdd9ef,b9da9eef0e7a,BANDANA014,Toy,Toy,TOYS_AND_GAMES,10,2019-11-15
914608,4db8c0cdd9ef,b9da9eef0e7a,BANDANA014,Toy,Toy,TOYS_AND_GAMES,8,2019-11-16
914609,4db8c0cdd9ef,b9da9eef0e7a,BANDANA014,Toy,Toy,TOYS_AND_GAMES,10,2019-11-17
914610,4db8c0cdd9ef,b9da9eef0e7a,BANDANA014,Toy,Toy,TOYS_AND_GAMES,12,2019-11-18
914611,4db8c0cdd9ef,b9da9eef0e7a,BANDANA014,Toy,Toy,TOYS_AND_GAMES,12,2019-11-19
914612,4db8c0cdd9ef,b9da9eef0e7a,BANDANA014,Toy,Toy,TOYS_AND_GAMES,8,2019-11-20
914613,4db8c0cdd9ef,b9da9eef0e7a,BANDANA014,Toy,Toy,TOYS_AND_GAMES,16,2019-11-21
914614,4db8c0cdd9ef,b9da9eef0e7a,BANDANA014,Toy,Toy,TOYS_AND_GAMES,6,2019-11-22
914615,4db8c0cdd9ef,b9da9eef0e7a,BANDANA014,Toy,Toy,TOYS_AND_GAMES,17,2019-11-23
914616,4db8c0cdd9ef,b9da9eef0e7a,BANDANA014,Toy,Toy,TOYS_AND_GAMES,16,2019-11-24
914617,4db8c0cdd9ef,b9da9eef0e7a,BANDANA014,Toy,Toy,TOYS_AND_GAMES,10,2019-11-25
914618,4db8c0cdd9ef,b9da9eef0e7a,BANDANA014,Toy,Toy,TOYS_AND_GAMES,16,2019-11-26
914619,4db8c0cdd9ef,b9da9eef0e7a,BANDANA014,Toy,Toy,TOYS_AND_GAMES,13,2019-11-27
914620,4db8c0cdd9ef,b9da9eef0e7a,BANDANA014,Toy,Toy,TOYS_AND_GAMES,9,2019-11-28
914621,4db8c0cdd9ef,b9da9eef0e7a,BANDANA014,Toy,Toy,TOYS_AND_GAMES,42,2019-11-29
914622,4db8c0cdd9ef,b9da9eef0e7a,BANDANA014,Toy,Toy,TOYS_AND_GAMES,37,2019-11-30
914623,4db8c0cdd9ef,b9da9eef0e7a,BANDANA014,Toy,Toy,TOYS_AND_GAMES,22,2019-12-01
914624,4db8c0cdd9ef,b9da9eef0e7a,BANDANA014,Toy,Toy,TOYS_AND_GAMES,47,2019-12-02
914625,4db8c0cdd9ef,b9da9eef0e7a,BANDANA014,Toy,Toy,TOYS_AND_GAMES,46,2019-12-03
914626,4db8c0cdd9ef,b9da9eef0e7a,BANDANA014,Toy,Toy,TOYS_AND_GAMES,16,2019-12-04
914627,4db8c0cdd9ef,b9da9eef0e7a,BANDANA014,Toy,Toy,TOYS_AND_GAMES,27,2019-12-05
914628,4db8c0cdd9ef,b9da9eef0e7a,BANDANA014,Toy,Toy,TOYS_AND_GAMES,32,2019-12-06
914629,4db8c0cdd9ef,b9da9eef0e7a,BANDANA014,Toy,Toy,TOYS_AND_GAMES,23,2019-12-07
914630,4db8c0cdd9ef,b9da9eef0e7a,BANDANA014,Toy,Toy,TOYS_AND_GAMES,37,2019-12-08
914631,4db8c0cdd9ef,b9da9eef0e7a,BANDANA014,Toy,Toy,TOYS_AND_GAMES,48,2019-12-09
914632,4db8c0cdd9ef,b9da9eef0e7a,BANDANA014,Toy,Toy,TOYS_AND_GAMES,26,2019-12-10
914633,4db8c0cdd9ef,b9da9eef0e7a,BANDANA014,Toy,Toy,TOYS_AND_GAMES,57,2019-12-11
914634,4db8c0cdd9ef,b9da9eef0e7a,BANDANA014,Toy,Toy,TOYS_AND_GAMES,53,2019-12-12
914635,4db8c0cdd9ef,b9da9eef0e7a,BANDANA014,Toy,Toy,TOYS_AND_GAMES,98,2019-12-13
914636,4db8c0cdd9ef,b9da9eef0e7a,BANDANA014,Toy,Toy,TOYS_AND_GAMES,103,2019-12-14
914637,4db8c0cdd9ef,b9da9eef0e7a,BANDANA014,Toy,Toy,TOYS_AND_GAMES,87,2019-12-15
914638,4db8c0cdd9ef,b9da9eef0e7a,BANDANA014,Toy,Toy,TOYS_AND_GAMES,107,2019-12-16
914639,4db8c0cdd9ef,b9da9eef0e7a,BANDANA014,Toy,Toy,TOYS_AND_GAMES,109,2019-12-17
914640,4db8c0cdd9ef,b9da9eef0e7a,BANDANA014,Toy,Toy,TOYS_AND_GAMES,102,2019-12-18
914641,4db8c0cdd9ef,b9da9eef0e7a,BANDANA014,Toy,Toy,TOYS_AND_GAMES,94,2019-12-19
914642,4db8c0cdd9ef,b9da9eef0e7a,BANDANA014,Toy,Toy,TOYS_AND_GAMES,80,2019-12-20
914643,4db8c0cdd9ef,b9da9eef0e7a,BANDANA014,Toy,Toy,TOYS_AND_GAMES,36,2019-12-21
914644,4db8c0cdd9ef,b9da9eef0e7a,BANDANA014,Toy,Toy,TOYS_AND_GAMES,53,2019-12-22
914645,4db8c0cdd9ef,b9da9eef0e7a,BANDANA014,Toy,Toy,TOYS_AND_GAMES,33,2019-12-23
914646,4db8c0cdd9ef,b9da9eef0e7a,BANDANA014,Toy,Toy,TOYS_AND_GAMES,7,2019-12-24
914647,4db8c0cdd9ef,b9da9eef0e7a,BANDANA014,Toy,Toy,TOYS_AND_GAMES,5,2019-12-25
914648,4db8c0cdd9ef,b9da9eef0e7a,BANDANA014,Toy,Toy,TOYS_AND_GAMES,5,2019-12-26
914649,4db8c0cdd9ef,b9da9eef0e7a,BANDANA014,Toy,Toy,TOYS_AND_GAMES,8,2019-12-27
914650,4db8c0cdd9ef,b9da9eef0e7a,BANDANA014,Toy,Toy,TOYS_AND_GAMES,7,2019-12-28
914651,4db8c0cdd9ef,b9da9eef0e7a,BANDANA014,Toy,Toy,TOYS_AND_GAMES,1,2019-12-29
914652,4db8c0cdd9ef,b9da9eef0e7a,BANDANA014,Toy,Toy,TOYS_AND_GAMES,4,2019-12-30
914653,4db8c0cdd9ef,b9da9eef0e7a,BANDANA014,Toy,Toy,TOYS_AND_GAMES,3,2019-12-31
914654,4db8c0cdd9ef,b9da9eef0e7a,BANDANA014,Toy,Toy,TOYS_AND_GAMES,6,2020-01-01
914655,4db8c0cdd9ef,b9da9eef0e7a,BANDANA014,Toy,Toy,TOYS_AND_GAMES,5,2020-01-02
914656,4db8c0cdd9ef,b9da9eef0e7a,BANDANA014,Toy,Toy,TOYS_AND_GAMES,6,2020-01-03
914657,4db8c0cdd9ef,b9da9eef0e7a,BANDANA014,Toy,Toy,TOYS_AND_GAMES,4,2020-01-04
914658,4db8c0cdd9ef,b9da9eef0e7a,BANDANA014,Toy,Toy,TOYS_AND_GAMES,7,2020-01-05
914659,4db8c0cdd9ef,b9da9eef0e7a,BANDANA014,Toy,Toy,TOYS_AND_GAMES,3,2020-01-06
914660,4db8c0cdd9ef,b9da9eef0e7a,BANDANA014,Toy,Toy,TOYS_AND_GAMES,2,2020-01-07
914661,4db8c0cdd9ef,b9da9eef0e7a,BANDANA014,Toy,Toy,TOYS_AND_GAMES,5,2020-01-08
914662,4db8c0cdd9ef,b9da9eef0e7a,BANDANA014,Toy,Toy,TOYS_AND_GAMES,5,2020-01-09
914663,4db8c0cdd9ef,b9da9eef0e7a,BANDANA014,Toy,Toy,TOYS_AND_GAMES,2,2020-01-10
914664,4db8c0cdd9ef,b9da9eef0e7a,BANDANA014,Toy,Toy,TOYS_AND_GAMES,6,2020-01-11
914665,4db8c0cdd9ef,b9da9eef0e7a,BANDANA014,Toy,Toy,TOYS_AND_GAMES,2,2020-01-12
914666,4db8c0cdd9ef,b9da9eef0e7a,BANDANA014,Toy,Toy,TOYS_AND_GAMES,8,2020-01-13
914667,4db8c0cdd9ef,b9da9eef0e7a,BANDANA014,Toy,Toy,TOYS_AND_GAMES,5,2020-01-14
914668,4db8c0cdd9ef,b9da9eef0e7a,BANDANA014,Toy,Toy,TOYS_AND_GAMES,7,2020-01-15
914669,4db8c0cdd9ef,b9da9eef0e7a,BANDANA014,Toy,Toy,TOYS_AND_GAMES,4,2020-01-16
914670,4db8c0cdd9ef,b9da9eef0e7a,BANDANA014,Toy,Toy,TOYS_AND_GAMES,3,2020-01-17
914671,4db8c0cdd9ef,b9da9eef0e7a,BANDANA014,Toy,Toy,TOYS_AND_GAMES,3,2020-01-18
914672,4db8c0cdd9ef,b9da9eef0e7a,BANDANA014,Toy,Toy,TOYS_AND_GAMES,3,2020-01-19
914673,4db8c0cdd9ef,b9da9eef0e7a,BANDANA014,Toy,Toy,TOYS_AND_GAMES,4,2020-01-20
914674,4db8c0cdd9ef,b9da9eef0e7a,BANDANA014,Toy,Toy,TOYS_AND_GAMES,6,2020-01-21
914675,4db8c0cdd9ef,b9da9eef0e7a,BANDANA014,Toy,Toy,TOYS_AND_GAMES,2,2020-01-22
914676,4db8c0cdd9ef,b9da9eef0e7a,BANDANA014,Toy,Toy,TOYS_AND_GAMES,9,2020-01-23
914677,4db8c0cdd9ef,b9da9eef0e7a,BANDANA014,Toy,Toy,TOYS_AND_GAMES,1,2020-01-24
914678,4db8c0cdd9ef,b9da9eef0e7a,BANDANA014,Toy,Toy,TOYS_AND_GAMES,2,2020-01-25
914679,4db8c0cdd9ef,b9da9eef0e7a,BANDANA014,Toy,Toy,TOYS_AND_GAMES,3,2020-01-26
914680,4db8c0cdd9ef,b9da9eef0e7a,BANDANA014,Toy,Toy,TOYS_AND_GAMES,5,2020-01-27
914681,4db8c0cdd9ef,b9da9eef0e7a,BANDANA014,Toy,Toy,TOYS_AND_GAMES,3,2020-01-28
914682,4db8c0cdd9ef,b9da9eef0e7a,BANDANA014,Toy,Toy,TOYS_AND_GAMES,5,2020-01-29
914683,4db8c0cdd9ef,b9da9eef0e7a,BANDANA014,Toy,Toy,TOYS_AND_GAMES,9,2020-01-30
914684,4db8c0cdd9ef,b9da9eef0e7a,BANDANA014,Toy,Toy,TOYS_AND_GAMES,8,2020-01-31
914685,4db8c0cdd9ef,b9da9eef0e7a,BANDANA014,Toy,Toy,TOYS_AND_GAMES,5,2020-02-01
914686,4db8c0cdd9ef,b9da9eef0e7a,BANDANA014,Toy,Toy,TOYS_AND_GAMES,3,2020-02-02
914687,4db8c0cdd9ef,b9da9eef0e7a,BANDANA014,Toy,Toy,TOYS_AND_GAMES,6,2020-02-03
914688,4db8c0cdd9ef,b9da9eef0e7a,BANDANA014,Toy,Toy,TOYS_AND_GAMES,4,2020-02-04
914689,4db8c0cdd9ef,b9da9eef0e7a,BANDANA014,Toy,Toy,TOYS_AND_GAMES,6,2020-02-05
914690,4db8c0cdd9ef,b9da9eef0e7a,BANDANA014,Toy,Toy,TOYS_AND_GAMES,4,2020-02-06
914691,4db8c0cdd9ef,b9da9eef0e7a,BANDANA014,Toy,Toy,TOYS_AND_GAMES,7,2020-02-08
914692,4db8c0cdd9ef,b9da9eef0e7a,BANDANA014,Toy,Toy,TOYS_AND_GAMES,7,2020-02-09
914693,4db8c0cdd9ef,b9da9eef0e7a,BANDANA014,Toy,Toy,TOYS_AND_GAMES,5,2020-02-10
914694,4db8c0cdd9ef,b9da9eef0e7a,BANDANA014,Toy,Toy,TOYS_AND_GAMES,4,2020-02-11
914695,4db8c0cdd9ef,b9da9eef0e7a,BANDANA014,Toy,Toy,TOYS_AND_GAMES,3,2020-02-12
914696,4db8c0cdd9ef,b9da9eef0e7a,BANDANA014,Toy,Toy,TOYS_AND_GAMES,5,2020-02-13
914697,4db8c0cdd9ef,b9da9eef0e7a,BANDANA014,Toy,Toy,TOYS_AND_GAMES,2,2020-02-14
914698,4db8c0cdd9ef,b9da9eef0e7a,BANDANA014,Toy,Toy,TOYS_AND_GAMES,3,2020-02-15
914699,4db8c0cdd9ef,b9da9eef0e7a,BANDANA014,Toy,Toy,TOYS_AND_GAMES,1,2020-02-17
914700,4db8c0cdd9ef,b9da9eef0e7a,BANDANA014,Toy,Toy,TOYS_AND_GAMES,4,2020-02-18
914701,4db8c0cdd9ef,b9da9eef0e7a,BANDANA014,Toy,Toy,TOYS_AND_GAMES,4,2020-02-19
914702,4db8c0cdd9ef,b9da9eef0e7a,BANDANA014,Toy,Toy,TOYS_AND_GAMES,6,2020-02-20
914703,4db8c0cdd9ef,b9da9eef0e7a,BANDANA014,Toy,Toy,TOYS_AND_GAMES,3,2020-02-21
914704,4db8c0cdd9ef,b9da9eef0e7a,BANDANA014,Toy,Toy,TOYS_AND_GAMES,5,2020-02-22
914705,4db8c0cdd9ef,b9da9eef0e7a,BANDANA014,Toy,Toy,TOYS_AND_GAMES,2,2020-02-23
914706,4db8c0cdd9ef,b9da9eef0e7a,BANDANA014,Toy,Toy,TOYS_AND_GAMES,10,2020-02-24
914707,4db8c0cdd9ef,b9da9eef0e7a,BANDANA014,Toy,Toy,TOYS_AND_GAMES,4,2020-02-25
914708,4db8c0cdd9ef,b9da9eef0e7a,BANDANA014,Toy,Toy,TOYS_AND_GAMES,8,2020-02-26
914709,4db8c0cdd9ef,b9da9eef0e7a,BANDANA014,Toy,Toy,TOYS_AND_GAMES,3,2020-02-27
914710,4db8c0cdd9ef,b9da9eef0e7a,BANDANA014,Toy,Toy,TOYS_AND_GAMES,8,2020-02-28
914711,4db8c0cdd9ef,b9da9eef0e7a,BANDANA014,Toy,Toy,TOYS_AND_GAMES,2,2020-02-29
914712,4db8c0cdd9ef,b9da9eef0e7a,BANDANA014,Toy,Toy,TOYS_AND_GAMES,8,2020-03-01
914713,4db8c0cdd9ef,b9da9eef0e7a,BANDANA014,Toy,Toy,TOYS_AND_GAMES,5,2020-03-02
914714,4db8c0cdd9ef,b9da9eef0e7a,BANDANA014,Toy,Toy,TOYS_AND_GAMES,1,2020-03-03
914715,4db8c0cdd9ef,b9da9eef0e7a,BANDANA014,Toy,Toy,TOYS_AND_GAMES,8,2020-03-04
914716,4db8c0cdd9ef,b9da9eef0e7a,BANDANA014,Toy,Toy,TOYS_AND_GAMES,2,2020-03-05
914717,4db8c0cdd9ef,b9da9eef0e7a,BANDANA014,Toy,Toy,TOYS_AND_GAMES,3,2020-03-06
914718,4db8c0cdd9ef,b9da9eef0e7a,BANDANA014,Toy,Toy,TOYS_AND_GAMES,3,2020-03-07
914719,4db8c0cdd9ef,b9da9eef0e7a,BANDANA014,Toy,Toy,TOYS_AND_GAMES,4,2020-03-08
914720,4db8c0cdd9ef,b9da9eef0e7a,BANDANA014,Toy,Toy,TOYS_AND_GAMES,7,2020-03-09
914721,4db8c0cdd9ef,b9da9eef0e7a,BANDANA014,Toy,Toy,TOYS_AND_GAMES,7,2020-03-10
914722,4db8c0cdd9ef,b9da9eef0e7a,BANDANA014,Toy,Toy,TOYS_AND_GAMES,1,2020-03-11
914723,4db8c0cdd9ef,b9da9eef0e7a,BANDANA014,Toy,Toy,TOYS_AND_GAMES,5,2020-03-12
914724,4db8c0cdd9ef,b9da9eef0e7a,BANDANA014,Toy,Toy,TOYS_AND_GAMES,5,2020-03-13
914725,4db8c0cdd9ef,b9da9eef0e7a,BANDANA014,Toy,Toy,TOYS_AND_GAMES,2,2020-03-14
914726,4db8c0cdd9ef,b9da9eef0e7a,BANDANA014,Toy,Toy,TOYS_AND_GAMES,3,2020-03-15
914727,4db8c0cdd9ef,b9da9eef0e7a,BANDANA014,Toy,Toy,TOYS_AND_GAMES,6,2020-03-16
914728,4db8c0cdd9ef,b9da9eef0e7a,BANDANA014,Toy,Toy,TOYS_AND_GAMES,5,2020-03-17
914729,4db8c0cdd9ef,b9da9eef0e7a,BANDANA014,Toy,Toy,TOYS_AND_GAMES,5,2020-03-18
914730,4db8c0cdd9ef,b9da9eef0e7a,BANDANA014,Toy,Toy,TOYS_AND_GAMES,4,2020-03-19
914731,4db8c0cdd9ef,b9da9eef0e7a,BANDANA014,Toy,Toy,TOYS_AND_GAMES,5,2020-03-20
914732,4db8c0cdd9ef,b9da9eef0e7a,BANDANA014,Toy,Toy,TOYS_AND_GAMES,4,2020-03-21
914733,4db8c0cdd9ef,b9da9eef0e7a,BANDANA014,Toy,Toy,TOYS_AND_GAMES,3,2020-03-22
914734,4db8c0cdd9ef,b9da9eef0e7a,BANDANA014,Toy,Toy,TOYS_AND_GAMES,1,2020-03-24
914735,4db8c0cdd9ef,b9da9eef0e7a,BANDANA014,Toy,Toy,TOYS_AND_GAMES,1,2020-03-25
914736,4db8c0cdd9ef,b9da9eef0e7a,BANDANA014,Toy,Toy,TOYS_AND_GAMES,3,2020-03-26
914737,4db8c0cdd9ef,b9da9eef0e7a,BANDANA014,Toy,Toy,TOYS_AND_GAMES,3,2020-03-27
914738,4db8c0cdd9ef,b9da9eef0e7a,BANDANA014,Toy,Toy,TOYS_AND_GAMES,5,2020-03-28
914739,4db8c0cdd9ef,b9da9eef0e7a,BANDANA014,Toy,Toy,TOYS_AND_GAMES,4,2020-03-29
914740,4db8c0cdd9ef,b9da9eef0e7a,BANDANA014,Toy,Toy,TOYS_AND_GAMES,4,2020-03-30
914741,4db8c0cdd9ef,b9da9eef0e7a,BANDANA014,Toy,Toy,TOYS_AND_GAMES,1,2020-03-31
914742,4db8c0cdd9ef,b9da9eef0e7a,BANDANA014,Toy,Toy,TOYS_AND_GAMES,3,2020-04-01
914743,4db8c0cdd9ef,b9da9eef0e7a,BANDANA014,Toy,Toy,TOYS_AND_GAMES,7,2020-04-02
914744,4db8c0cdd9ef,b9da9eef0e7a,BANDANA014,Toy,Toy,TOYS_AND_GAMES,5,2020-04-03
914745,4db8c0cdd9ef,b9da9eef0e7a,BANDANA014,Toy,Toy,TOYS_AND_GAMES,5,2020-04-04
914746,4db8c0cdd9ef,b9da9eef0e7a,BANDANA014,Toy,Toy,TOYS_AND_GAMES,7,2020-04-05
914747,4db8c0cdd9ef,b9da9eef0e7a,BANDANA014,Toy,Toy,TOYS_AND_GAMES,3,2020-04-06
914748,4db8c0cdd9ef,b9da9eef0e7a,BANDANA014,Toy,Toy,TOYS_AND_GAMES,5,2020-04-07
914749,4db8c0cdd9ef,b9da9eef0e7a,BANDANA014,Toy,Toy,TOYS_AND_GAMES,2,2020-04-08
914750,4db8c0cdd9ef,b9da9eef0e7a,BANDANA014,Toy,Toy,TOYS_AND_GAMES,9,2020-04-09
914751,4db8c0cdd9ef,b9da9eef0e7a,BANDANA014,Toy,Toy,TOYS_AND_GAMES,4,2020-04-10
914752,4db8c0cdd9ef,b9da9eef0e7a,BANDANA014,Toy,Toy,TOYS_AND_GAMES,1,2020-04-11
914753,4db8c0cdd9ef,b9da9eef0e7a,BANDANA014,Toy,Toy,TOYS_AND_GAMES,2,2020-04-12
914754,4db8c0cdd9ef,b9da9eef0e7a,BANDANA014,Toy,Toy,TOYS_AND_GAMES,2,2020-04-13
914755,4db8c0cdd9ef,b9da9eef0e7a,BANDANA014,Toy,Toy,TOYS_AND_GAMES,4,2020-04-14
914756,4db8c0cdd9ef,b9da9eef0e7a,BANDANA014,Toy,Toy,TOYS_AND_GAMES,5,2020-04-15
914757,4db8c0cdd9ef,b9da9eef0e7a,BANDANA014,Toy,Toy,TOYS_AND_GAMES,4,2020-04-16
914758,4db8c0cdd9ef,b9da9eef0e7a,BANDANA014,Toy,Toy,TOYS_AND_GAMES,9,2020-04-17
914759,4db8c0cdd9ef,b9da9eef0e7a,BANDANA014,Toy,Toy,TOYS_AND_GAMES,6,2020-04-18
914760,4db8c0cdd9ef,b9da9eef0e7a,BANDANA014,Toy,Toy,TOYS_AND_GAMES,3,2020-04-19
914761,4db8c0cdd9ef,b9da9eef0e7a,BANDANA014,Toy,Toy,TOYS_AND_GAMES,2,2020-04-20
914762,4db8c0cdd9ef,b9da9eef0e7a,BANDANA014,Toy,Toy,TOYS_AND_GAMES,4,2020-04-21
914763,4db8c0cdd9ef,b9da9eef0e7a,BANDANA014,Toy,Toy,TOYS_AND_GAMES,6,2020-04-22
914764,4db8c0cdd9ef,b9da9eef0e7a,BANDANA014,Toy,Toy,TOYS_AND_GAMES,5,2020-04-23
914765,4db8c0cdd9ef,b9da9eef0e7a,BANDANA014,Toy,Toy,TOYS_AND_GAMES,7,2020-04-24
914766,4db8c0cdd9ef,b9da9eef0e7a,BANDANA014,Toy,Toy,TOYS_AND_GAMES,4,2020-04-25
914767,4db8c0cdd9ef,b9da9eef0e7a,BANDANA014,Toy,Toy,TOYS_AND_GAMES,6,2020-04-26
914768,4db8c0cdd9ef,b9da9eef0e7a,BANDANA014,Toy,Toy,TOYS_AND_GAMES,7,2020-04-27
914769,4db8c0cdd9ef,b9da9eef0e7a,BANDANA014,Toy,Toy,TOYS_AND_GAMES,3,2020-04-28
914770,4db8c0cdd9ef,b9da9eef0e7a,BANDANA014,Toy,Toy,TOYS_AND_GAMES,6,2020-04-29
914771,4db8c0cdd9ef,b9da9eef0e7a,BANDANA014,Toy,Toy,TOYS_AND_GAMES,7,2020-04-30
914772,4db8c0cdd9ef,b9da9eef0e7a,BANDANA014,Toy,Toy,TOYS_AND_GAMES,11,2020-05-01
914773,4db8c0cdd9ef,b9da9eef0e7a,BANDANA014,Toy,Toy,TOYS_AND_GAMES,2,2020-05-02
914774,4db8c0cdd9ef,b9da9eef0e7a,BANDANA014,Toy,Toy,TOYS_AND_GAMES,12,2020-05-03
914775,4db8c0cdd9ef,b9da9eef0e7a,BANDANA014,Toy,Toy,TOYS_AND_GAMES,8,2020-05-04
914776,4db8c0cdd9ef,b9da9eef0e7a,BANDANA014,Toy,Toy,TOYS_AND_GAMES,8,2020-05-05
914777,4db8c0cdd9ef,b9da9eef0e7a,BANDANA014,Toy,Toy,TOYS_AND_GAMES,11,2020-05-06
914778,4db8c0cdd9ef,b9da9eef0e7a,BANDANA014,Toy,Toy,TOYS_AND_GAMES,2,2020-05-07
914779,4db8c0cdd9ef,b9da9eef0e7a,BANDANA014,Toy,Toy,TOYS_AND_GAMES,12,2020-05-08
914780,4db8c0cdd9ef,b9da9eef0e7a,BANDANA014,Toy,Toy,TOYS_AND_GAMES,7,2020-05-09
914781,4db8c0cdd9ef,b9da9eef0e7a,BANDANA014,Toy,Toy,TOYS_AND_GAMES,6,2020-05-10
914782,4db8c0cdd9ef,b9da9eef0e7a,BANDANA014,Toy,Toy,TOYS_AND_GAMES,4,2020-05-11
914783,4db8c0cdd9ef,b9da9eef0e7a,BANDANA014,Toy,Toy,TOYS_AND_GAMES,5,2020-05-12
914784,4db8c0cdd9ef,b9da9eef0e7a,BANDANA014,Toy,Toy,TOYS_AND_GAMES,10,2020-05-13
914785,4db8c0cdd9ef,b9da9eef0e7a,BANDANA014,Toy,Toy,TOYS_AND_GAMES,13,2020-05-14
914786,4db8c0cdd9ef,b9da9eef0e7a,BANDANA014,Toy,Toy,TOYS_AND_GAMES,8,2020-05-15
914787,4db8c0cdd9ef,b9da9eef0e7a,BANDANA014,Toy,Toy,TOYS_AND_GAMES,10,2020-05-16
914788,4db8c0cdd9ef,b9da9eef0e7a,BANDANA014,Toy,Toy,TOYS_AND_GAMES,11,2020-05-17
914789,4db8c0cdd9ef,b9da9eef0e7a,BANDANA014,Toy,Toy,TOYS_AND_GAMES,10,2020-05-18
914790,4db8c0cdd9ef,b9da9eef0e7a,BANDANA014,Toy,Toy,TOYS_AND_GAMES,7,2020-05-19
914791,4db8c0cdd9ef,b9da9eef0e7a,BANDANA014,Toy,Toy,TOYS_AND_GAMES,10,2020-05-20
914792,4db8c0cdd9ef,b9da9eef0e7a,BANDANA014,Toy,Toy,TOYS_AND_GAMES,13,2020-05-21
914793,4db8c0cdd9ef,b9da9eef0e7a,BANDANA014,Toy,Toy,TOYS_AND_GAMES,9,2020-05-22
914794,4db8c0cdd9ef,b9da9eef0e7a,BANDANA014,Toy,Toy,TOYS_AND_GAMES,18,2020-05-23
914795,4db8c0cdd9ef,b9da9eef0e7a,BANDANA014,Toy,Toy,TOYS_AND_GAMES,12,2020-05-24
914796,4db8c0cdd9ef,b9da9eef0e7a,BANDANA014,Toy,Toy,TOYS_AND_GAMES,9,2020-05-25
914797,4db8c0cdd9ef,b9da9eef0e7a,BANDANA014,Toy,Toy,TOYS_AND_GAMES,12,2020-05-26
914798,4db8c0cdd9ef,b9da9eef0e7a,BANDANA014,Toy,Toy,TOYS_AND_GAMES,12,2020-05-27
914799,4db8c0cdd9ef,b9da9eef0e7a,BANDANA014,Toy,Toy,TOYS_AND_GAMES,8,2020-05-28
914800,4db8c0cdd9ef,b9da9eef0e7a,BANDANA014,Toy,Toy,TOYS_AND_GAMES,6,2020-05-29
914801,4db8c0cdd9ef,b9da9eef0e7a,BANDANA014,Toy,Toy,TOYS_AND_GAMES,2,2020-05-30
914802,4db8c0cdd9ef,b9da9eef0e7a,BANDANA014,Toy,Toy,TOYS_AND_GAMES,3,2020-05-31
914803,4db8c0cdd9ef,b9da9eef0e7a,BANDANA014,Toy,Toy,TOYS_AND_GAMES,4,2020-06-01
914804,4db8c0cdd9ef,b9da9eef0e7a,BANDANA014,Toy,Toy,TOYS_AND_GAMES,2,2020-06-02
914805,4db8c0cdd9ef,b9da9eef0e7a,BANDANA014,Toy,Toy,TOYS_AND_GAMES,2,2020-06-04
914806,4db8c0cdd9ef,b9da9eef0e7a,BANDANA014,Toy,Toy,TOYS_AND_GAMES,2,2020-06-06
914807,4db8c0cdd9ef,b9da9eef0e7a,BANDANA014,Toy,Toy,TOYS_AND_GAMES,1,2020-06-08
914808,4db8c0cdd9ef,b9da9eef0e7a,BANDANA014,Toy,Toy,TOYS_AND_GAMES,4,2020-06-12
914809,4db8c0cdd9ef,b9da9eef0e7a,BANDANA014,Toy,Toy,TOYS_AND_GAMES,4,2020-06-13
914810,4db8c0cdd9ef,b9da9eef0e7a,BANDANA014,Toy,Toy,TOYS_AND_GAMES,1,2020-06-14
914811,4db8c0cdd9ef,b9da9eef0e7a,BANDANA014,Toy,Toy,TOYS_AND_GAMES,4,2020-06-15
914812,4db8c0cdd9ef,b9da9eef0e7a,BANDANA014,Toy,Toy,TOYS_AND_GAMES,8,2020-06-16
914813,4db8c0cdd9ef,b9da9eef0e7a,BANDANA014,Toy,Toy,TOYS_AND_GAMES,7,2020-06-17
914814,4db8c0cdd9ef,b9da9eef0e7a,BANDANA014,Toy,Toy,TOYS_AND_GAMES,5,2020-06-18
914815,4db8c0cdd9ef,b9da9eef0e7a,BANDANA014,Toy,Toy,TOYS_AND_GAMES,8,2020-06-19
914816,4db8c0cdd9ef,b9da9eef0e7a,BANDANA014,Toy,Toy,TOYS_AND_GAMES,8,2020-06-20
914817,4db8c0cdd9ef,b9da9eef0e7a,BANDANA014,Toy,Toy,TOYS_AND_GAMES,8,2020-06-21
914818,4db8c0cdd9ef,b9da9eef0e7a,BANDANA014,Toy,Toy,TOYS_AND_GAMES,13,2020-06-22
914819,4db8c0cdd9ef,b9da9eef0e7a,BANDANA014,Toy,Toy,TOYS_AND_GAMES,9,2020-06-23
914820,4db8c0cdd9ef,b9da9eef0e7a,BANDANA014,Toy,Toy,TOYS_AND_GAMES,13,2020-06-24
914821,4db8c0cdd9ef,b9da9eef0e7a,BANDANA014,Toy,Toy,TOYS_AND_GAMES,7,2020-06-25
914822,4db8c0cdd9ef,b9da9eef0e7a,BANDANA014,Toy,Toy,TOYS_AND_GAMES,4,2020-06-26
914823,4db8c0cdd9ef,b9da9eef0e7a,BANDANA014,Toy,Toy,TOYS_AND_GAMES,1,2020-06-27
914824,4db8c0cdd9ef,b9da9eef0e7a,BANDANA014,Toy,Toy,TOYS_AND_GAMES,1,2020-06-29
914825,4db8c0cdd9ef,b9da9eef0e7a,BANDANA014,Toy,Toy,TOYS_AND_GAMES,1,2020-07-02
914826,4db8c0cdd9ef,b9da9eef0e7a,BANDANA014,Toy,Toy,TOYS_AND_GAMES,1,2020-07-14
914827,4db8c0cdd9ef,b9da9eef0e7a,BANDANA014,Toy,Toy,TOYS_AND_GAMES,2,2020-07-15
914828,4db8c0cdd9ef,b9da9eef0e7a,BANDANA014,Toy,Toy,TOYS_AND_GAMES,6,2020-07-16
914829,4db8c0cdd9ef,b9da9eef0e7a,BANDANA014,Toy,Toy,TOYS_AND_GAMES,6,2020-07-17
914830,4db8c0cdd9ef,b9da9eef0e7a,BANDANA014,Toy,Toy,TOYS_AND_GAMES,8,2020-07-18
914831,4db8c0cdd9ef,b9da9eef0e7a,BANDANA014,Toy,Toy,TOYS_AND_GAMES,10,2020-07-19
914832,4db8c0cdd9ef,b9da9eef0e7a,BANDANA014,Toy,Toy,TOYS_AND_GAMES,9,2020-07-20
914833,4db8c0cdd9ef,b9da9eef0e7a,BANDANA014,Toy,Toy,TOYS_AND_GAMES,4,2020-07-21
914834,4db8c0cdd9ef,b9da9eef0e7a,BANDANA014,Toy,Toy,TOYS_AND_GAMES,13,2020-07-22
914835,4db8c0cdd9ef,b9da9eef0e7a,BANDANA014,Toy,Toy,TOYS_AND_GAMES,14,2020-07-23
914836,4db8c0cdd9ef,b9da9eef0e7a,BANDANA014,Toy,Toy,TOYS_AND_GAMES,8,2020-07-24
914837,4db8c0cdd9ef,b9da9eef0e7a,BANDANA014,Toy,Toy,TOYS_AND_GAMES,8,2020-07-25
914838,4db8c0cdd9ef,b9da9eef0e7a,BANDANA014,Toy,Toy,TOYS_AND_GAMES,12,2020-07-26
914839,4db8c0cdd9ef,b9da9eef0e7a,BANDANA014,Toy,Toy,TOYS_AND_GAMES,17,2020-07-27
914840,4db8c0cdd9ef,b9da9eef0e7a,BANDANA014,Toy,Toy,TOYS_AND_GAMES,20,2020-07-28
914841,4db8c0cdd9ef,b9da9eef0e7a,BANDANA014,Toy,Toy,TOYS_AND_GAMES,9,2020-07-29
914842,4db8c0cdd9ef,b9da9eef0e7a,BANDANA014,Toy,Toy,TOYS_AND_GAMES,1,2020-07-30
914843,4db8c0cdd9ef,b9da9eef0e7a,BANDANA014,Toy,Toy,TOYS_AND_GAMES,6,2020-07-31
914844,4db8c0cdd9ef,b9da9eef0e7a,BANDANA014,Toy,Toy,TOYS_AND_GAMES,3,2020-08-01
914845,4db8c0cdd9ef,b9da9eef0e7a,BANDANA014,Toy,Toy,TOYS_AND_GAMES,3,2020-10-05
914846,4db8c0cdd9ef,b9da9eef0e7a,BANDANA014,Toy,Toy,TOYS_AND_GAMES,5,2020-10-06
914847,4db8c0cdd9ef,b9da9eef0e7a,BANDANA014,Toy,Toy,TOYS_AND_GAMES,6,2020-10-07
914848,4db8c0cdd9ef,b9da9eef0e7a,BANDANA014,Toy,Toy,TOYS_AND_GAMES,8,2020-10-08
914849,4db8c0cdd9ef,b9da9eef0e7a,BANDANA014,Toy,Toy,TOYS_AND_GAMES,7,2020-10-09
914850,4db8c0cdd9ef,b9da9eef0e7a,BANDANA014,Toy,Toy,TOYS_AND_GAMES,9,2020-10-10
914851,4db8c0cdd9ef,b9da9eef0e7a,BANDANA014,Toy,Toy,TOYS_AND_GAMES,8,2020-10-11
914852,4db8c0cdd9ef,b9da9eef0e7a,BANDANA014,Toy,Toy,TOYS_AND_GAMES,9,2020-10-12
914853,4db8c0cdd9ef,b9da9eef0e7a,BANDANA014,Toy,Toy,TOYS_AND_GAMES,17,2020-10-13
914854,4db8c0cdd9ef,b9da9eef0e7a,BANDANA014,Toy,Toy,TOYS_AND_GAMES,20,2020-10-14
914855,4db8c0cdd9ef,b9da9eef0e7a,BANDANA014,Toy,Toy,TOYS_AND_GAMES,15,2020-10-15
914856,4db8c0cdd9ef,b9da9eef0e7a,BANDANA014,Toy,Toy,TOYS_AND_GAMES,11,2020-10-16
914857,4db8c0cdd9ef,b9da9eef0e7a,BANDANA014,Toy,Toy,TOYS_AND_GAMES,22,2020-10-17
914858,4db8c0cdd9ef,b9da9eef0e7a,BANDANA014,Toy,Toy,TOYS_AND_GAMES,18,2020-10-18
914859,4db8c0cdd9ef,b9da9eef0e7a,BANDANA014,Toy,Toy,TOYS_AND_GAMES,13,2020-10-19
914860,4db8c0cdd9ef,b9da9eef0e7a,BANDANA014,Toy,Toy,TOYS_AND_GAMES,20,2020-10-20
914861,4db8c0cdd9ef,b9da9eef0e7a,BANDANA014,Toy,Toy,TOYS_AND_GAMES,16,2020-10-21
914862,4db8c0cdd9ef,b9da9eef0e7a,BANDANA014,Toy,Toy,TOYS_AND_GAMES,13,2020-10-22
914863,4db8c0cdd9ef,b9da9eef0e7a,BANDANA014,Toy,Toy,TOYS_AND_GAMES,20,2020-10-23
914864,4db8c0cdd9ef,b9da9eef0e7a,BANDANA014,Toy,Toy,TOYS_AND_GAMES,12,2020-10-24
914865,4db8c0cdd9ef,b9da9eef0e7a,BANDANA014,Toy,Toy,TOYS_AND_GAMES,12,2020-10-25
914866,4db8c0cdd9ef,b9da9eef0e7a,BANDANA014,Toy,Toy,TOYS_AND_GAMES,27,2020-10-26
914867,4db8c0cdd9ef,b9da9eef0e7a,BANDANA014,Toy,Toy,TOYS_AND_GAMES,10,2020-10-27
914868,4db8c0cdd9ef,b9da9eef0e7a,BANDANA014,Toy,Toy,TOYS_AND_GAMES,16,2020-10-28
914869,4db8c0cdd9ef,b9da9eef0e7a,BANDANA014,Toy,Toy,TOYS_AND_GAMES,15,2020-10-29
914870,4db8c0cdd9ef,b9da9eef0e7a,BANDANA014,Toy,Toy,TOYS_AND_GAMES,16,2020-10-30
914871,4db8c0cdd9ef,b9da9eef0e7a,BANDANA014,Toy,Toy,TOYS_AND_GAMES,14,2020-10-31
914872,4db8c0cdd9ef,b9da9eef0e7a,BANDANA014,Toy,Toy,TOYS_AND_GAMES,13,2020-11-01
914873,4db8c0cdd9ef,b9da9eef0e7a,BANDANA014,Toy,Toy,TOYS_AND_GAMES,28,2020-11-02
914874,4db8c0cdd9ef,b9da9eef0e7a,BANDANA014,Toy,Toy,TOYS_AND_GAMES,22,2020-11-03
914875,4db8c0cdd9ef,b9da9eef0e7a,BANDANA014,Toy,Toy,TOYS_AND_GAMES,26,2020-11-04
914876,4db8c0cdd9ef,b9da9eef0e7a,BANDANA014,Toy,Toy,TOYS_AND_GAMES,15,2020-11-05
914877,4db8c0cdd9ef,b9da9eef0e7a,BANDANA014,Toy,Toy,TOYS_AND_GAMES,33,2020-11-06
914878,4db8c0cdd9ef,b9da9eef0e7a,BANDANA014,Toy,Toy,TOYS_AND_GAMES,32,2020-11-07
914879,4db8c0cdd9ef,b9da9eef0e7a,BANDANA014,Toy,Toy,TOYS_AND_GAMES,25,2020-11-08
914880,4db8c0cdd9ef,b9da9eef0e7a,BANDANA014,Toy,Toy,TOYS_AND_GAMES,20,2020-11-09
914881,4db8c0cdd9ef,b9da9eef0e7a,BANDANA014,Toy,Toy,TOYS_AND_GAMES,15,2020-11-10
914882,4db8c0cdd9ef,b9da9eef0e7a,BANDANA014,Toy,Toy,TOYS_AND_GAMES,3,2020-11-11
914883,4db8c0cdd9ef,b9da9eef0e7a,BANDANA014,Toy,Toy,TOYS_AND_GAMES,1,2020-11-12
914884,4db8c0cdd9ef,b9da9eef0e7a,BANDANA014,Toy,Toy,TOYS_AND_GAMES,2,2020-11-15
914885,4db8c0cdd9ef,b9da9eef0e7a,BANDANA014,Toy,Toy,TOYS_AND_GAMES,1,2020-11-16
914886,4db8c0cdd9ef,b9da9eef0e7a,BANDANA014,Toy,Toy,TOYS_AND_GAMES,2,2020-11-17
914887,4db8c0cdd9ef,b9da9eef0e7a,BANDANA014,Toy,Toy,TOYS_AND_GAMES,13,2020-11-27
914888,4db8c0cdd9ef,b9da9eef0e7a,BANDANA014,Toy,Toy,TOYS_AND_GAMES,30,2020-11-28
914889,4db8c0cdd9ef,b9da9eef0e7a,BANDANA014,Toy,Toy,TOYS_AND_GAMES,38,2020-11-29
914890,4db8c0cdd9ef,b9da9eef0e7a,BANDANA014,Toy,Toy,TOYS_AND_GAMES,58,2020-11-30
914891,4db8c0cdd9ef,b9da9eef0e7a,BANDANA014,Toy,Toy,TOYS_AND_GAMES,55,2020-12-01
914892,4db8c0cdd9ef,b9da9eef0e7a,BANDANA014,Toy,Toy,TOYS_AND_GAMES,40,2020-12-02
914893,4db8c0cdd9ef,b9da9eef0e7a,BANDANA014,Toy,Toy,TOYS_AND_GAMES,46,2020-12-03
914894,4db8c0cdd9ef,b9da9eef0e7a,BANDANA014,Toy,Toy,TOYS_AND_GAMES,44,2020-12-04
914895,4db8c0cdd9ef,b9da9eef0e7a,BANDANA014,Toy,Toy,TOYS_AND_GAMES,67,2020-12-05
914896,4db8c0cdd9ef,b9da9eef0e7a,BANDANA014,Toy,Toy,TOYS_AND_GAMES,81,2020-12-06
914897,4db8c0cdd9ef,b9da9eef0e7a,BANDANA014,Toy,Toy,TOYS_AND_GAMES,99,2020-12-07
914898,4db8c0cdd9ef,b9da9eef0e7a,BANDANA014,Toy,Toy,TOYS_AND_GAMES,85,2020-12-08
914899,4db8c0cdd9ef,b9da9eef0e7a,BANDANA014,Toy,Toy,TOYS_AND_GAMES,87,2020-12-09
914900,4db8c0cdd9ef,b9da9eef0e7a,BANDANA014,Toy,Toy,TOYS_AND_GAMES,86,2020-12-10
914901,4db8c0cdd9ef,b9da9eef0e7a,BANDANA014,Toy,Toy,TOYS_AND_GAMES,103,2020-12-11
914902,4db8c0cdd9ef,b9da9eef0e7a,BANDANA014,Toy,Toy,TOYS_AND_GAMES,149,2020-12-12
914903,4db8c0cdd9ef,b9da9eef0e7a,BANDANA014,Toy,Toy,TOYS_AND_GAMES,103,2020-12-13
914904,4db8c0cdd9ef,b9da9eef0e7a,BANDANA014,Toy,Toy,TOYS_AND_GAMES,103,2020-12-14
914905,4db8c0cdd9ef,b9da9eef0e7a,BANDANA014,Toy,Toy,TOYS_AND_GAMES,102,2020-12-16
914906,4db8c0cdd9ef,b9da9eef0e7a,BANDANA014,Toy,Toy,TOYS_AND_GAMES,99,2020-12-17
914907,4db8c0cdd9ef,b9da9eef0e7a,BANDANA014,Toy,Toy,TOYS_AND_GAMES,87,2020-12-18
914908,4db8c0cdd9ef,b9da9eef0e7a,BANDANA014,Toy,Toy,TOYS_AND_GAMES,84,2020-12-19
914909,4db8c0cdd9ef,b9da9eef0e7a,BANDANA014,Toy,Toy,TOYS_AND_GAMES,1,2020-12-20
914910,4db8c0cdd9ef,b9da9eef0e7a,BANDANA014,Toy,Toy,TOYS_AND_GAMES,1,2020-12-22
914911,4db8c0cdd9ef,b9da9eef0e7a,BANDANA014,Toy,Toy,TOYS_AND_GAMES,3,2020-12-24
914912,4db8c0cdd9ef,b9da9eef0e7a,BANDANA014,Toy,Toy,TOYS_AND_GAMES,2,2020-12-25
914913,4db8c0cdd9ef,b9da9eef0e7a,BANDANA014,Toy,Toy,TOYS_AND_GAMES,2,2020-12-26
914914,4db8c0cdd9ef,b9da9eef0e7a,BANDANA014,Toy,Toy,TOYS_AND_GAMES,1,2020-12-28
914915,4db8c0cdd9ef,b9da9eef0e7a,BANDANA014,Toy,Toy,TOYS_AND_GAMES,5,2020-12-29
914916,4db8c0cdd9ef,b9da9eef0e7a,BANDANA014,Toy,Toy,TOYS_AND_GAMES,1,2020-12-30
914917,4db8c0cdd9ef,b9da9eef0e7a,BANDANA014,Toy,Toy,TOYS_AND_GAMES,7,2020-12-31
1129916,4db8c0cdd9ef,f78a4d819600,BANDANA020,Toy,Toy,TOYS_AND_GAMES,1,2019-11-29
1129917,4db8c0cdd9ef,f78a4d819600,BANDANA020,Toy,Toy,TOYS_AND_GAMES,2,2019-12-07
1129918,4db8c0cdd9ef,f78a4d819600,BANDANA020,Toy,Toy,TOYS_AND_GAMES,3,2019-12-08
1129919,4db8c0cdd9ef,f78a4d819600,BANDANA020,Toy,Toy,TOYS_AND_GAMES,6,2019-12-10
1129920,4db8c0cdd9ef,f78a4d819600,BANDANA020,Toy,Toy,TOYS_AND_GAMES,11,2019-12-11
1129921,4db8c0cdd9ef,f78a4d819600,BANDANA020,Toy,Toy,TOYS_AND_GAMES,4,2019-12-12
1129922,4db8c0cdd9ef,f78a4d819600,BANDANA020,Toy,Toy,TOYS_AND_GAMES,5,2019-12-13
1129923,4db8c0cdd9ef,f78a4d819600,BANDANA020,Toy,Toy,TOYS_AND_GAMES,2,2019-12-14
1129924,4db8c0cdd9ef,f78a4d819600,BANDANA020,Toy,Toy,TOYS_AND_GAMES,2,2019-12-15
1129925,4db8c0cdd9ef,f78a4d819600,BANDANA020,Toy,Toy,TOYS_AND_GAMES,6,2019-12-16
1129926,4db8c0cdd9ef,f78a4d819600,BANDANA020,Toy,Toy,TOYS_AND_GAMES,5,2019-12-17
1129927,4db8c0cdd9ef,f78a4d819600,BANDANA020,Toy,Toy,TOYS_AND_GAMES,11,2019-12-18
1129928,4db8c0cdd9ef,f78a4d819600,BANDANA020,Toy,Toy,TOYS_AND_GAMES,17,2019-12-19
1129929,4db8c0cdd9ef,f78a4d819600,BANDANA020,Toy,Toy,TOYS_AND_GAMES,9,2019-12-20
1129930,4db8c0cdd9ef,f78a4d819600,BANDANA020,Toy,Toy,TOYS_AND_GAMES,2,2019-12-21
1129931,4db8c0cdd9ef,f78a4d819600,BANDANA020,Toy,Toy,TOYS_AND_GAMES,9,2019-12-22
1129932,4db8c0cdd9ef,f78a4d819600,BANDANA020,Toy,Toy,TOYS_AND_GAMES,4,2019-12-23
1129933,4db8c0cdd9ef,f78a4d819600,BANDANA020,Toy,Toy,TOYS_AND_GAMES,2,2019-12-24
1129934,4db8c0cdd9ef,f78a4d819600,BANDANA020,Toy,Toy,TOYS_AND_GAMES,1,2019-12-26
1129935,4db8c0cdd9ef,f78a4d819600,BANDANA020,Toy,Toy,TOYS_AND_GAMES,1,2019-12-27
1129936,4db8c0cdd9ef,f78a4d819600,BANDANA020,Toy,Toy,TOYS_AND_GAMES,1,2019-12-30
1129937,4db8c0cdd9ef,f78a4d819600,BANDANA020,Toy,Toy,TOYS_AND_GAMES,1,2020-01-07
1129938,4db8c0cdd9ef,f78a4d819600,BANDANA020,Toy,Toy,TOYS_AND_GAMES,2,2020-01-16
1129939,4db8c0cdd9ef,f78a4d819600,BANDANA020,Toy,Toy,TOYS_AND_GAMES,1,2020-01-17
1129940,4db8c0cdd9ef,f78a4d819600,BANDANA020,Toy,Toy,TOYS_AND_GAMES,1,2020-01-19
1129941,4db8c0cdd9ef,f78a4d819600,BANDANA020,Toy,Toy,TOYS_AND_GAMES,1,2020-01-20
1129942,4db8c0cdd9ef,f78a4d819600,BANDANA020,Toy,Toy,TOYS_AND_GAMES,1,2020-02-01
1129943,4db8c0cdd9ef,f78a4d819600,BANDANA020,Toy,Toy,TOYS_AND_GAMES,1,2020-02-03
1129944,4db8c0cdd9ef,f78a4d819600,BANDANA020,Toy,Toy,TOYS_AND_GAMES,1,2020-02-05
1129945,4db8c0cdd9ef,f78a4d819600,BANDANA020,Toy,Toy,TOYS_AND_GAMES,1,2020-02-06
1129946,4db8c0cdd9ef,f78a4d819600,BANDANA020,Toy,Toy,TOYS_AND_GAMES,1,2020-02-10
1129947,4db8c0cdd9ef,f78a4d819600,BANDANA020,Toy,Toy,TOYS_AND_GAMES,2,2020-02-14
1129948,4db8c0cdd9ef,f78a4d819600,BANDANA020,Toy,Toy,TOYS_AND_GAMES,1,2020-02-17
1129949,4db8c0cdd9ef,f78a4d819600,BANDANA020,Toy,Toy,TOYS_AND_GAMES,1,2020-02-19
1129950,4db8c0cdd9ef,f78a4d819600,BANDANA020,Toy,Toy,TOYS_AND_GAMES,1,2020-02-24
1129951,4db8c0cdd9ef,f78a4d819600,BANDANA020,Toy,Toy,TOYS_AND_GAMES,1,2020-03-05
1129952,4db8c0cdd9ef,f78a4d819600,BANDANA020,Toy,Toy,TOYS_AND_GAMES,1,2020-03-14
1129953,4db8c0cdd9ef,f78a4d819600,BANDANA020,Toy,Toy,TOYS_AND_GAMES,1,2020-03-16
1129954,4db8c0cdd9ef,f78a4d819600,BANDANA020,Toy,Toy,TOYS_AND_GAMES,2,2020-03-19
1129955,4db8c0cdd9ef,f78a4d819600,BANDANA020,Toy,Toy,TOYS_AND_GAMES,1,2020-03-21
1129956,4db8c0cdd9ef,f78a4d819600,BANDANA020,Toy,Toy,TOYS_AND_GAMES,2,2020-03-22
1129957,4db8c0cdd9ef,f78a4d819600,BANDANA020,Toy,Toy,TOYS_AND_GAMES,1,2020-03-30
1129958,4db8c0cdd9ef,f78a4d819600,BANDANA020,Toy,Toy,TOYS_AND_GAMES,1,2020-03-31
1129959,4db8c0cdd9ef,f78a4d819600,BANDANA020,Toy,Toy,TOYS_AND_GAMES,1,2020-04-07
1129960,4db8c0cdd9ef,f78a4d819600,BANDANA020,Toy,Toy,TOYS_AND_GAMES,1,2020-04-09
1129961,4db8c0cdd9ef,f78a4d819600,BANDANA020,Toy,Toy,TOYS_AND_GAMES,1,2020-04-10
1129962,4db8c0cdd9ef,f78a4d819600,BANDANA020,Toy,Toy,TOYS_AND_GAMES,2,2020-04-14
1129963,4db8c0cdd9ef,f78a4d819600,BANDANA020,Toy,Toy,TOYS_AND_GAMES,1,2020-04-15
1129964,4db8c0cdd9ef,f78a4d819600,BANDANA020,Toy,Toy,TOYS_AND_GAMES,2,2020-04-16
1129965,4db8c0cdd9ef,f78a4d819600,BANDANA020,Toy,Toy,TOYS_AND_GAMES,2,2020-04-18
1129966,4db8c0cdd9ef,f78a4d819600,BANDANA020,Toy,Toy,TOYS_AND_GAMES,2,2020-04-20
1129967,4db8c0cdd9ef,f78a4d819600,BANDANA020,Toy,Toy,TOYS_AND_GAMES,1,2020-04-23
1129968,4db8c0cdd9ef,f78a4d819600,BANDANA020,Toy,Toy,TOYS_AND_GAMES,1,2020-04-24
1129969,4db8c0cdd9ef,f78a4d819600,BANDANA020,Toy,Toy,TOYS_AND_GAMES,1,2020-04-25
1129970,4db8c0cdd9ef,f78a4d819600,BANDANA020,Toy,Toy,TOYS_AND_GAMES,1,2020-04-27
1129971,4db8c0cdd9ef,f78a4d819600,BANDANA020,Toy,Toy,TOYS_AND_GAMES,1,2020-04-28
1129972,4db8c0cdd9ef,f78a4d819600,BANDANA020,Toy,Toy,TOYS_AND_GAMES,1,2020-04-29
1129973,4db8c0cdd9ef,f78a4d819600,BANDANA020,Toy,Toy,TOYS_AND_GAMES,2,2020-04-30
1129974,4db8c0cdd9ef,f78a4d819600,BANDANA020,Toy,Toy,TOYS_AND_GAMES,1,2020-05-03
1129975,4db8c0cdd9ef,f78a4d819600,BANDANA020,Toy,Toy,TOYS_AND_GAMES,1,2020-05-04
1129976,4db8c0cdd9ef,f78a4d819600,BANDANA020,Toy,Toy,TOYS_AND_GAMES,1,2020-05-05
1129977,4db8c0cdd9ef,f78a4d819600,BANDANA020,Toy,Toy,TOYS_AND_GAMES,1,2020-05-08
1129978,4db8c0cdd9ef,f78a4d819600,BANDANA020,Toy,Toy,TOYS_AND_GAMES,2,2020-05-09
1129979,4db8c0cdd9ef,f78a4d819600,BANDANA020,Toy,Toy,TOYS_AND_GAMES,2,2020-05-10
1129980,4db8c0cdd9ef,f78a4d819600,BANDANA020,Toy,Toy,TOYS_AND_GAMES,1,2020-05-11
1129981,4db8c0cdd9ef,f78a4d819600,BANDANA020,Toy,Toy,TOYS_AND_GAMES,1,2020-05-12
1129982,4db8c0cdd9ef,f78a4d819600,BANDANA020,Toy,Toy,TOYS_AND_GAMES,2,2020-05-14
1129983,4db8c0cdd9ef,f78a4d819600,BANDANA020,Toy,Toy,TOYS_AND_GAMES,1,2020-05-15
1129984,4db8c0cdd9ef,f78a4d819600,BANDANA020,Toy,Toy,TOYS_AND_GAMES,4,2020-05-16
1129985,4db8c0cdd9ef,f78a4d819600,BANDANA020,Toy,Toy,TOYS_AND_GAMES,3,2020-05-17
1129986,4db8c0cdd9ef,f78a4d819600,BANDANA020,Toy,Toy,TOYS_AND_GAMES,2,2020-05-18
1129987,4db8c0cdd9ef,f78a4d819600,BANDANA020,Toy,Toy,TOYS_AND_GAMES,3,2020-05-20
1129988,4db8c0cdd9ef,f78a4d819600,BANDANA020,Toy,Toy,TOYS_AND_GAMES,3,2020-05-21
1129989,4db8c0cdd9ef,f78a4d819600,BANDANA020,Toy,Toy,TOYS_AND_GAMES,3,2020-05-22
1129990,4db8c0cdd9ef,f78a4d819600,BANDANA020,Toy,Toy,TOYS_AND_GAMES,3,2020-05-23
1129991,4db8c0cdd9ef,f78a4d819600,BANDANA020,Toy,Toy,TOYS_AND_GAMES,4,2020-05-25
1129992,4db8c0cdd9ef,f78a4d819600,BANDANA020,Toy,Toy,TOYS_AND_GAMES,1,2020-05-26
1129993,4db8c0cdd9ef,f78a4d819600,BANDANA020,Toy,Toy,TOYS_AND_GAMES,3,2020-05-27
1129994,4db8c0cdd9ef,f78a4d819600,BANDANA020,Toy,Toy,TOYS_AND_GAMES,1,2020-05-28
1129995,4db8c0cdd9ef,f78a4d819600,BANDANA020,Toy,Toy,TOYS_AND_GAMES,6,2020-05-29
1129996,4db8c0cdd9ef,f78a4d819600,BANDANA020,Toy,Toy,TOYS_AND_GAMES,2,2020-05-30
1129997,4db8c0cdd9ef,f78a4d819600,BANDANA020,Toy,Toy,TOYS_AND_GAMES,2,2020-05-31
1129998,4db8c0cdd9ef,f78a4d819600,BANDANA020,Toy,Toy,TOYS_AND_GAMES,2,2020-06-01
1129999,4db8c0cdd9ef,f78a4d819600,BANDANA020,Toy,Toy,TOYS_AND_GAMES,3,2020-06-02
1130000,4db8c0cdd9ef,f78a4d819600,BANDANA020,Toy,Toy,TOYS_AND_GAMES,4,2020-06-03
1130001,4db8c0cdd9ef,f78a4d819600,BANDANA020,Toy,Toy,TOYS_AND_GAMES,2,2020-06-04
1130002,4db8c0cdd9ef,f78a4d819600,BANDANA020,Toy,Toy,TOYS_AND_GAMES,3,2020-06-05
1130003,4db8c0cdd9ef,f78a4d819600,BANDANA020,Toy,Toy,TOYS_AND_GAMES,4,2020-06-06
1130004,4db8c0cdd9ef,f78a4d819600,BANDANA020,Toy,Toy,TOYS_AND_GAMES,1,2020-06-07
1130005,4db8c0cdd9ef,f78a4d819600,BANDANA020,Toy,Toy,TOYS_AND_GAMES,4,2020-06-08
1130006,4db8c0cdd9ef,f78a4d819600,BANDANA020,Toy,Toy,TOYS_AND_GAMES,5,2020-06-09
1130007,4db8c0cdd9ef,f78a4d819600,BANDANA020,Toy,Toy,TOYS_AND_GAMES,4,2020-06-10
1130008,4db8c0cdd9ef,f78a4d819600,BANDANA020,Toy,Toy,TOYS_AND_GAMES,4,2020-06-11
1130009,4db8c0cdd9ef,f78a4d819600,BANDANA020,Toy,Toy,TOYS_AND_GAMES,1,2020-06-12
1130010,4db8c0cdd9ef,f78a4d819600,BANDANA020,Toy,Toy,TOYS_AND_GAMES,2,2020-06-13
1130011,4db8c0cdd9ef,f78a4d819600,BANDANA020,Toy,Toy,TOYS_AND_GAMES,2,2020-06-14
1130012,4db8c0cdd9ef,f78a4d819600,BANDANA020,Toy,Toy,TOYS_AND_GAMES,1,2020-06-15
1130013,4db8c0cdd9ef,f78a4d819600,BANDANA020,Toy,Toy,TOYS_AND_GAMES,4,2020-06-16
1130014,4db8c0cdd9ef,f78a4d819600,BANDANA020,Toy,Toy,TOYS_AND_GAMES,2,2020-06-17
1130015,4db8c0cdd9ef,f78a4d819600,BANDANA020,Toy,Toy,TOYS_AND_GAMES,3,2020-06-18
1130016,4db8c0cdd9ef,f78a4d819600,BANDANA020,Toy,Toy,TOYS_AND_GAMES,1,2020-06-19
1130017,4db8c0cdd9ef,f78a4d819600,BANDANA020,Toy,Toy,TOYS_AND_GAMES,1,2020-06-20
1130018,4db8c0cdd9ef,f78a4d819600,BANDANA020,Toy,Toy,TOYS_AND_GAMES,1,2020-06-21
1130019,4db8c0cdd9ef,f78a4d819600,BANDANA020,Toy,Toy,TOYS_AND_GAMES,5,2020-06-22
1130020,4db8c0cdd9ef,f78a4d819600,BANDANA020,Toy,Toy,TOYS_AND_GAMES,1,2020-06-23
1130021,4db8c0cdd9ef,f78a4d819600,BANDANA020,Toy,Toy,TOYS_AND_GAMES,1,2020-06-24
1130022,4db8c0cdd9ef,f78a4d819600,BANDANA020,Toy,Toy,TOYS_AND_GAMES,2,2020-06-26
1130023,4db8c0cdd9ef,f78a4d819600,BANDANA020,Toy,Toy,TOYS_AND_GAMES,1,2020-06-29
1130024,4db8c0cdd9ef,f78a4d819600,BANDANA020,Toy,Toy,TOYS_AND_GAMES,4,2020-07-01
1130025,4db8c0cdd9ef,f78a4d819600,BANDANA020,Toy,Toy,TOYS_AND_GAMES,3,2020-07-02
1130026,4db8c0cdd9ef,f78a4d819600,BANDANA020,Toy,Toy,TOYS_AND_GAMES,3,2020-07-03
1130027,4db8c0cdd9ef,f78a4d819600,BANDANA020,Toy,Toy,TOYS_AND_GAMES,3,2020-07-05
1130028,4db8c0cdd9ef,f78a4d819600,BANDANA020,Toy,Toy,TOYS_AND_GAMES,5,2020-07-08
1130029,4db8c0cdd9ef,f78a4d819600,BANDANA020,Toy,Toy,TOYS_AND_GAMES,1,2020-07-09
1130030,4db8c0cdd9ef,f78a4d819600,BANDANA020,Toy,Toy,TOYS_AND_GAMES,2,2020-07-10
1130031,4db8c0cdd9ef,f78a4d819600,BANDANA020,Toy,Toy,TOYS_AND_GAMES,2,2020-07-12
1130032,4db8c0cdd9ef,f78a4d819600,BANDANA020,Toy,Toy,TOYS_AND_GAMES,2,2020-07-13
1130033,4db8c0cdd9ef,f78a4d819600,BANDANA020,Toy,Toy,TOYS_AND_GAMES,2,2020-07-14
1130034,4db8c0cdd9ef,f78a4d819600,BANDANA020,Toy,Toy,TOYS_AND_GAMES,2,2020-07-15
1130035,4db8c0cdd9ef,f78a4d819600,BANDANA020,Toy,Toy,TOYS_AND_GAMES,1,2020-07-18
1130036,4db8c0cdd9ef,f78a4d819600,BANDANA020,Toy,Toy,TOYS_AND_GAMES,2,2020-07-21
1130037,4db8c0cdd9ef,f78a4d819600,BANDANA020,Toy,Toy,TOYS_AND_GAMES,1,2020-07-22
1130038,4db8c0cdd9ef,f78a4d819600,BANDANA020,Toy,Toy,TOYS_AND_GAMES,1,2020-07-23
1130039,4db8c0cdd9ef,f78a4d819600,BANDANA020,Toy,Toy,TOYS_AND_GAMES,2,2020-07-25
1130040,4db8c0cdd9ef,f78a4d819600,BANDANA020,Toy,Toy,TOYS_AND_GAMES,1,2020-07-26
1130041,4db8c0cdd9ef,f78a4d819600,BANDANA020,Toy,Toy,TOYS_AND_GAMES,1,2020-07-27
1130042,4db8c0cdd9ef,f78a4d819600,BANDANA020,Toy,Toy,TOYS_AND_GAMES,2,2020-07-31
1130043,4db8c0cdd9ef,f78a4d819600,BANDANA020,Toy,Toy,TOYS_AND_GAMES,1,2020-08-01
1130044,4db8c0cdd9ef,f78a4d819600,BANDANA020,Toy,Toy,TOYS_AND_GAMES,2,2020-08-02
1130045,4db8c0cdd9ef,f78a4d819600,BANDANA020,Toy,Toy,TOYS_AND_GAMES,1,2020-08-04
1130046,4db8c0cdd9ef,f78a4d819600,BANDANA020,Toy,Toy,TOYS_AND_GAMES,1,2020-08-05
1130047,4db8c0cdd9ef,f78a4d819600,BANDANA020,Toy,Toy,TOYS_AND_GAMES,2,2020-08-06
1130048,4db8c0cdd9ef,f78a4d819600,BANDANA020,Toy,Toy,TOYS_AND_GAMES,4,2020-08-08
1130049,4db8c0cdd9ef,f78a4d819600,BANDANA020,Toy,Toy,TOYS_AND_GAMES,1,2020-08-09
1130050,4db8c0cdd9ef,f78a4d819600,BANDANA020,Toy,Toy,TOYS_AND_GAMES,1,2020-08-10
1130051,4db8c0cdd9ef,f78a4d819600,BANDANA020,Toy,Toy,TOYS_AND_GAMES,4,2020-08-11
1130052,4db8c0cdd9ef,f78a4d819600,BANDANA020,Toy,Toy,TOYS_AND_GAMES,2,2020-08-12
1130053,4db8c0cdd9ef,f78a4d819600,BANDANA020,Toy,Toy,TOYS_AND_GAMES,2,2020-08-13
1130054,4db8c0cdd9ef,f78a4d819600,BANDANA020,Toy,Toy,TOYS_AND_GAMES,2,2020-08-14
1130055,4db8c0cdd9ef,f78a4d819600,BANDANA020,Toy,Toy,TOYS_AND_GAMES,2,2020-08-15
1130056,4db8c0cdd9ef,f78a4d819600,BANDANA020,Toy,Toy,TOYS_AND_GAMES,1,2020-08-16
1130057,4db8c0cdd9ef,f78a4d819600,BANDANA020,Toy,Toy,TOYS_AND_GAMES,3,2020-08-17
1130058,4db8c0cdd9ef,f78a4d819600,BANDANA020,Toy,Toy,TOYS_AND_GAMES,1,2020-08-21
1130059,4db8c0cdd9ef,f78a4d819600,BANDANA020,Toy,Toy,TOYS_AND_GAMES,1,2020-08-24
1130060,4db8c0cdd9ef,f78a4d819600,BANDANA020,Toy,Toy,TOYS_AND_GAMES,2,2020-08-25
1130061,4db8c0cdd9ef,f78a4d819600,BANDANA020,Toy,Toy,TOYS_AND_GAMES,1,2020-08-27
1130062,4db8c0cdd9ef,f78a4d819600,BANDANA020,Toy,Toy,TOYS_AND_GAMES,2,2020-08-29
1130063,4db8c0cdd9ef,f78a4d819600,BANDANA020,Toy,Toy,TOYS_AND_GAMES,1,2020-08-30
1130064,4db8c0cdd9ef,f78a4d819600,BANDANA020,Toy,Toy,TOYS_AND_GAMES,1,2020-08-31
1130065,4db8c0cdd9ef,f78a4d819600,BANDANA020,Toy,Toy,TOYS_AND_GAMES,2,2020-09-01
1130066,4db8c0cdd9ef,f78a4d819600,BANDANA020,Toy,Toy,TOYS_AND_GAMES,3,2020-09-02
1130067,4db8c0cdd9ef,f78a4d819600,BANDANA020,Toy,Toy,TOYS_AND_GAMES,1,2020-09-03
1130068,4db8c0cdd9ef,f78a4d819600,BANDANA020,Toy,Toy,TOYS_AND_GAMES,1,2020-09-04
1130069,4db8c0cdd9ef,f78a4d819600,BANDANA020,Toy,Toy,TOYS_AND_GAMES,4,2020-09-10
1130070,4db8c0cdd9ef,f78a4d819600,BANDANA020,Toy,Toy,TOYS_AND_GAMES,1,2020-09-11
1130071,4db8c0cdd9ef,f78a4d819600,BANDANA020,Toy,Toy,TOYS_AND_GAMES,1,2020-09-13
1130072,4db8c0cdd9ef,f78a4d819600,BANDANA020,Toy,Toy,TOYS_AND_GAMES,1,2020-09-16
1130073,4db8c0cdd9ef,f78a4d819600,BANDANA020,Toy,Toy,TOYS_AND_GAMES,2,2020-09-17
1130074,4db8c0cdd9ef,f78a4d819600,BANDANA020,Toy,Toy,TOYS_AND_GAMES,1,2020-09-19
1130075,4db8c0cdd9ef,f78a4d819600,BANDANA020,Toy,Toy,TOYS_AND_GAMES,2,2020-09-20
1130076,4db8c0cdd9ef,f78a4d819600,BANDANA020,Toy,Toy,TOYS_AND_GAMES,3,2020-09-21
1130077,4db8c0cdd9ef,f78a4d819600,BANDANA020,Toy,Toy,TOYS_AND_GAMES,2,2020-09-22
1130078,4db8c0cdd9ef,f78a4d819600,BANDANA020,Toy,Toy,TOYS_AND_GAMES,1,2020-09-24
1130079,4db8c0cdd9ef,f78a4d819600,BANDANA020,Toy,Toy,TOYS_AND_GAMES,1,2020-09-25
1130080,4db8c0cdd9ef,f78a4d819600,BANDANA020,Toy,Toy,TOYS_AND_GAMES,1,2020-09-26
1130081,4db8c0cdd9ef,f78a4d819600,BANDANA020,Toy,Toy,TOYS_AND_GAMES,2,2020-09-27
1130082,4db8c0cdd9ef,f78a4d819600,BANDANA020,Toy,Toy,TOYS_AND_GAMES,3,2020-10-02
1130083,4db8c0cdd9ef,f78a4d819600,BANDANA020,Toy,Toy,TOYS_AND_GAMES,1,2020-10-04
1130084,4db8c0cdd9ef,f78a4d819600,BANDANA020,Toy,Toy,TOYS_AND_GAMES,1,2020-10-05
1130085,4db8c0cdd9ef,f78a4d819600,BANDANA020,Toy,Toy,TOYS_AND_GAMES,1,2020-10-07
1130086,4db8c0cdd9ef,f78a4d819600,BANDANA020,Toy,Toy,TOYS_AND_GAMES,2,2020-10-12
1130087,4db8c0cdd9ef,f78a4d819600,BANDANA020,Toy,Toy,TOYS_AND_GAMES,1,2020-10-13
1130088,4db8c0cdd9ef,f78a4d819600,BANDANA020,Toy,Toy,TOYS_AND_GAMES,1,2020-10-14
1130089,4db8c0cdd9ef,f78a4d819600,BANDANA020,Toy,Toy,TOYS_AND_GAMES,1,2020-10-15
1130090,4db8c0cdd9ef,f78a4d819600,BANDANA020,Toy,Toy,TOYS_AND_GAMES,1,2020-10-16
1130091,4db8c0cdd9ef,f78a4d819600,BANDANA020,Toy,Toy,TOYS_AND_GAMES,1,2020-10-17
1130092,4db8c0cdd9ef,f78a4d819600,BANDANA020,Toy,Toy,TOYS_AND_GAMES,1,2020-10-19
1130093,4db8c0cdd9ef,f78a4d819600,BANDANA020,Toy,Toy,TOYS_AND_GAMES,2,2020-10-23
1130094,4db8c0cdd9ef,f78a4d819600,BANDANA020,Toy,Toy,TOYS_AND_GAMES,1,2020-10-25
1130095,4db8c0cdd9ef,f78a4d819600,BANDANA020,Toy,Toy,TOYS_AND_GAMES,1,2020-10-26
1130096,4db8c0cdd9ef,f78a4d819600,BANDANA020,Toy,Toy,TOYS_AND_GAMES,1,2020-10-27
1130097,4db8c0cdd9ef,f78a4d819600,BANDANA020,Toy,Toy,TOYS_AND_GAMES,2,2020-10-28
1130098,4db8c0cdd9ef,f78a4d819600,BANDANA020,Toy,Toy,TOYS_AND_GAMES,1,2020-10-30
1130099,4db8c0cdd9ef,f78a4d819600,BANDANA020,Toy,Toy,TOYS_AND_GAMES,2,2020-11-01
1130100,4db8c0cdd9ef,f78a4d819600,BANDANA020,Toy,Toy,TOYS_AND_GAMES,3,2020-11-02
1130101,4db8c0cdd9ef,f78a4d819600,BANDANA020,Toy,Toy,TOYS_AND_GAMES,1,2020-11-05
1130102,4db8c0cdd9ef,f78a4d819600,BANDANA020,Toy,Toy,TOYS_AND_GAMES,1,2020-11-06
1130103,4db8c0cdd9ef,f78a4d819600,BANDANA020,Toy,Toy,TOYS_AND_GAMES,1,2020-11-08
1130104,4db8c0cdd9ef,f78a4d819600,BANDANA020,Toy,Toy,TOYS_AND_GAMES,1,2020-11-15
1130105,4db8c0cdd9ef,f78a4d819600,BANDANA020,Toy,Toy,TOYS_AND_GAMES,1,2020-11-17
1130106,4db8c0cdd9ef,f78a4d819600,BANDANA020,Toy,Toy,TOYS_AND_GAMES,2,2020-11-19
1130107,4db8c0cdd9ef,f78a4d819600,BANDANA020,Toy,Toy,TOYS_AND_GAMES,2,2020-11-21
1130108,4db8c0cdd9ef,f78a4d819600,BANDANA020,Toy,Toy,TOYS_AND_GAMES,3,2020-11-22
1130109,4db8c0cdd9ef,f78a4d819600,BANDANA020,Toy,Toy,TOYS_AND_GAMES,4,2020-11-23
1130110,4db8c0cdd9ef,f78a4d819600,BANDANA020,Toy,Toy,TOYS_AND_GAMES,2,2020-11-24
1130111,4db8c0cdd9ef,f78a4d819600,BANDANA020,Toy,Toy,TOYS_AND_GAMES,3,2020-11-25
1130112,4db8c0cdd9ef,f78a4d819600,BANDANA020,Toy,Toy,TOYS_AND_GAMES,5,2020-11-26
1130113,4db8c0cdd9ef,f78a4d819600,BANDANA020,Toy,Toy,TOYS_AND_GAMES,1,2020-11-27
1130114,4db8c0cdd9ef,f78a4d819600,BANDANA020,Toy,Toy,TOYS_AND_GAMES,2,2020-11-28
1130115,4db8c0cdd9ef,f78a4d819600,BANDANA020,Toy,Toy,TOYS_AND_GAMES,2,2020-11-29
1130116,4db8c0cdd9ef,f78a4d819600,BANDANA020,Toy,Toy,TOYS_AND_GAMES,1,2020-11-30
1130117,4db8c0cdd9ef,f78a4d819600,BANDANA020,Toy,Toy,TOYS_AND_GAMES,6,2020-12-01
1130118,4db8c0cdd9ef,f78a4d819600,BANDANA020,Toy,Toy,TOYS_AND_GAMES,5,2020-12-02
1130119,4db8c0cdd9ef,f78a4d819600,BANDANA020,Toy,Toy,TOYS_AND_GAMES,3,2020-12-03
1130120,4db8c0cdd9ef,f78a4d819600,BANDANA020,Toy,Toy,TOYS_AND_GAMES,6,2020-12-04
1130121,4db8c0cdd9ef,f78a4d819600,BANDANA020,Toy,Toy,TOYS_AND_GAMES,2,2020-12-05
1130122,4db8c0cdd9ef,f78a4d819600,BANDANA020,Toy,Toy,TOYS_AND_GAMES,4,2020-12-06
1130123,4db8c0cdd9ef,f78a4d819600,BANDANA020,Toy,Toy,TOYS_AND_GAMES,5,2020-12-07
1130124,4db8c0cdd9ef,f78a4d819600,BANDANA020,Toy,Toy,TOYS_AND_GAMES,6,2020-12-08
1130125,4db8c0cdd9ef,f78a4d819600,BANDANA020,Toy,Toy,TOYS_AND_GAMES,2,2020-12-09
1130126,4db8c0cdd9ef,f78a4d819600,BANDANA020,Toy,Toy,TOYS_AND_GAMES,3,2020-12-10
1130127,4db8c0cdd9ef,f78a4d819600,BANDANA020,Toy,Toy,TOYS_AND_GAMES,4,2020-12-11
1130128,4db8c0cdd9ef,f78a4d819600,BANDANA020,Toy,Toy,TOYS_AND_GAMES,7,2020-12-12
1130129,4db8c0cdd9ef,f78a4d819600,BANDANA020,Toy,Toy,TOYS_AND_GAMES,4,2020-12-13
1130130,4db8c0cdd9ef,f78a4d819600,BANDANA020,Toy,Toy,TOYS_AND_GAMES,7,2020-12-14
1130131,4db8c0cdd9ef,f78a4d819600,BANDANA020,Toy,Toy,TOYS_AND_GAMES,4,2020-12-15
1130132,4db8c0cdd9ef,f78a4d819600,BANDANA020,Toy,Toy,TOYS_AND_GAMES,3,2020-12-16
1130133,4db8c0cdd9ef,f78a4d819600,BANDANA020,Toy,Toy,TOYS_AND_GAMES,3,2020-12-17
1130134,4db8c0cdd9ef,f78a4d819600,BANDANA020,Toy,Toy,TOYS_AND_GAMES,4,2020-12-18
1130135,4db8c0cdd9ef,f78a4d819600,BANDANA020,Toy,Toy,TOYS_AND_GAMES,2,2020-12-19
1130136,4db8c0cdd9ef,f78a4d819600,BANDANA020,Toy,Toy,TOYS_AND_GAMES,6,2020-12-20
1130137,4db8c0cdd9ef,f78a4d819600,BANDANA020,Toy,Toy,TOYS_AND_GAMES,1,2020-12-21
1130138,4db8c0cdd9ef,f78a4d819600,BANDANA020,Toy,Toy,TOYS_AND_GAMES,2,2020-12-22
1130139,4db8c0cdd9ef,f78a4d819600,BANDANA020,Toy,Toy,TOYS_AND_GAMES,1,2020-12-26
1130140,4db8c0cdd9ef,f78a4d819600,BANDANA020,Toy,Toy,TOYS_AND_GAMES,1,2020-12-28
1130141,4db8c0cdd9ef,f78a4d819600,BANDANA020,Toy,Toy,TOYS_AND_GAMES,2,2020-12-31
